Job Title,Department,Business Unit,Gender,Age,Hire Date,Annual Salary,Bonus %,Country,City,Exit Date
Sr. Manger,IT,Research & Development,Female,55,08-04-2016,"$1,41,604 ",15% ,United States,Seattle,16-10-2021
Technical Architect,IT,Manufacturing,Male,59,29-11-1997,"$99,975 ",0% ,China,Chongqing,
Director,Finance,Speciality Products,Female,50,26-10-2006,"$1,63,099 ",20% ,United States,Chicago,
Computer Systems Manager,IT,Manufacturing,Female,26,27-09-2019,"$84,913 ",7% ,United States,Chicago,
Sr. Analyst,Finance,Manufacturing,Male,55,20-11-1995,"$95,409 ",0% ,United States,Phoenix,
Account Representative,Sales,Corporate,Male,57,24-01-2017,"$50,994 ",0% ,China,Chongqing,
Manager,IT,Corporate,Female,27,01-07-2020,"$1,19,746 ",10% ,United States,Phoenix,
Analyst,Finance,Manufacturing,Male,25,16-05-2020,"$41,336 ",0% ,United States,Miami,20-05-2021
Manager,Accounting,Manufacturing,Male,29,25-01-2019,"$1,13,527 ",6% ,United States,Austin,
Sr. Analyst,Finance,Speciality Products,Female,34,13-06-2018,"$77,203 ",0% ,United States,Chicago,
Sr. Manger,Human Resources,Manufacturing,Female,36,11-02-2009,"$1,57,333 ",15% ,United States,Miami,
Controls Engineer,Engineering,Speciality Products,Female,27,21-10-2021,"$1,09,851 ",0% ,United States,Seattle,
Manager,Human Resources,Manufacturing,Male,59,14-03-1999,"$1,05,086 ",9% ,United States,Austin,
Sr. Manger,Finance,Research & Development,Female,51,10-06-2021,"$1,46,742 ",10% ,China,Shanghai,
Sr. Analyst,Accounting,Speciality Products,Male,31,04-11-2017,"$97,078 ",0% ,United States,Austin,09-03-2020
Vice President,Marketing,Research & Development,Female,41,13-03-2013,"$2,49,270 ",30% ,United States,Seattle,
Director,Finance,Research & Development,Female,65,04-03-2002,"$1,75,837 ",20% ,United States,Phoenix,
Sr. Manger,Marketing,Speciality Products,Female,64,01-12-2003,"$1,54,828 ",13% ,United States,Seattle,
Director,IT,Corporate,Male,64,03-11-2013,"$1,86,503 ",24% ,United States,Columbus,
Director,Sales,Research & Development,Male,45,09-07-2002,"$1,66,331 ",18% ,China,Chongqing,
Sr. Manger,IT,Manufacturing,Male,56,09-01-2012,"$1,46,140 ",10% ,Brazil,Manaus,
Director,Sales,Manufacturing,Female,36,02-04-2021,"$1,51,703 ",21% ,United States,Miami,
Director,IT,Research & Development,Male,59,24-05-2002,"$1,72,787 ",28% ,Brazil,Rio de Janerio,
Analyst,Sales,Speciality Products,Male,37,05-09-2019,"$49,998 ",0% ,United States,Seattle,
Vice President,Sales,Speciality Products,Male,44,02-03-2014,"$2,07,172 ",31% ,China,Chongqing,
Director,Human Resources,Speciality Products,Male,41,17-04-2015,"$1,52,239 ",23% ,United States,Columbus,
Quality Engineer,Engineering,Corporate,Female,56,05-02-2005,"$98,581 ",0% ,Brazil,Rio de Janerio,
Vice President,Engineering,Speciality Products,Male,43,07-06-2004,"$2,46,231 ",31% ,United States,Seattle,
Engineering Manager,Engineering,Speciality Products,Male,64,04-12-1996,"$99,354 ",12% ,China,Beijing,
Vice President,IT,Corporate,Male,63,11-05-2012,"$2,31,141 ",34% ,China,Beijing,
IT Coordinator,IT,Research & Development,Male,28,25-06-2017,"$54,775 ",0% ,United States,Columbus,
Analyst,Finance,Manufacturing,Male,65,16-05-2004,"$55,499 ",0% ,Brazil,Manaus,
Analyst II,Sales,Research & Development,Male,61,11-07-2008,"$66,521 ",0% ,United States,Seattle,
Account Representative,Sales,Speciality Products,Male,30,29-09-2016,"$59,100 ",0% ,China,Chongqing,
Analyst,Finance,Research & Development,Female,27,06-05-2018,"$49,011 ",0% ,United States,Chicago,
Enterprise Architect,IT,Manufacturing,Female,32,11-02-2014,"$99,575 ",0% ,United States,Austin,
Controls Engineer,Engineering,Manufacturing,Female,34,16-12-2019,"$99,989 ",0% ,China,Chengdu,
Vice President,Marketing,Research & Development,Male,27,20-10-2019,"$2,56,420 ",30% ,United States,Phoenix,
Technical Architect,IT,Manufacturing,Female,35,15-05-2013,"$78,940 ",0% ,United States,Miami,
Enterprise Architect,IT,Corporate,Female,57,03-01-1994,"$82,872 ",0% ,Brazil,Manaus,
Sr. Business Partner,Human Resources,Speciality Products,Male,30,29-05-2017,"$86,317 ",0% ,China,Chengdu,16-07-2017
Manager,Marketing,Speciality Products,Female,53,23-11-2013,"$1,13,135 ",5% ,United States,Austin,
Vice President,IT,Speciality Products,Male,52,08-11-2005,"$1,99,808 ",32% ,United States,Seattle,
Account Representative,Sales,Speciality Products,Male,37,14-11-2013,"$56,037 ",0% ,China,Shanghai,
Sr. Manger,Marketing,Research & Development,Female,29,24-05-2019,"$1,22,350 ",12% ,United States,Phoenix,
Enterprise Architect,IT,Research & Development,Male,40,04-11-2010,"$92,952 ",0% ,United States,Seattle,
Computer Systems Manager,IT,Corporate,Male,32,20-03-2013,"$79,921 ",5% ,United States,Austin,
Director,IT,Research & Development,Female,37,20-09-2009,"$1,67,199 ",20% ,United States,Seattle,
Quality Engineer,Engineering,Research & Development,Male,52,17-10-2012,"$71,476 ",0% ,United States,Phoenix,
Director,Engineering,Manufacturing,Female,45,29-10-2014,"$1,89,420 ",20% ,United States,Seattle,
HRIS Analyst,Human Resources,Research & Development,Female,64,20-10-2001,"$64,057 ",0% ,United States,Phoenix,
Analyst II,Marketing,Manufacturing,Female,27,21-09-2021,"$68,728 ",0% ,United States,Phoenix,
Sr. Manger,IT,Manufacturing,Female,25,02-07-2021,"$1,25,633 ",11% ,China,Beijing,
Analyst II,Marketing,Manufacturing,Male,35,15-05-2011,"$66,889 ",0% ,United States,Columbus,
Director,Accounting,Research & Development,Female,36,29-09-2015,"$1,78,700 ",29% ,United States,Seattle,
Field Engineer,Engineering,Research & Development,Female,33,22-12-2018,"$83,990 ",0% ,United States,Chicago,
Automation Engineer,Engineering,Corporate,Female,52,10-12-2005,"$1,02,043 ",0% ,United States,Chicago,
Operations Engineer,Engineering,Manufacturing,Female,46,30-05-2001,"$90,678 ",0% ,United States,Columbus,
Business Partner,Human Resources,Manufacturing,Female,46,21-08-2008,"$59,067 ",0% ,United States,Miami,
Sr. Manger,Marketing,Research & Development,Male,45,11-03-2021,"$1,35,062 ",15% ,China,Chengdu,
Sr. Manger,IT,Corporate,Female,55,16-08-2006,"$1,59,044 ",10% ,Brazil,Manaus,
Sr. Analyst,Accounting,Manufacturing,Female,44,02-01-2019,"$74,691 ",0% ,Brazil,Manaus,08-07-2020
Engineering Manager,Engineering,Corporate,Female,44,18-12-2008,"$92,753 ",13% ,United States,Austin,24-06-2021
Vice President,Human Resources,Speciality Products,Male,45,07-08-2013,"$2,36,946 ",37% ,United States,Seattle,
Analyst,Finance,Corporate,Female,36,27-08-2021,"$48,906 ",0% ,United States,Miami,
Sr. Analyst,Sales,Corporate,Female,38,27-01-2008,"$80,024 ",0% ,United States,Columbus,
HRIS Analyst,Human Resources,Speciality Products,Female,41,23-10-2009,"$54,415 ",0% ,United States,Seattle,22-01-2014
Manager,Marketing,Research & Development,Female,30,24-04-2016,"$1,20,341 ",7% ,United States,Seattle,
Vice President,IT,Speciality Products,Female,43,04-08-2009,"$2,08,415 ",35% ,United States,Seattle,
Cloud Infrastructure Architect,IT,Speciality Products,Female,32,05-01-2020,"$78,844 ",0% ,United States,Seattle,
Field Engineer,Engineering,Manufacturing,Male,58,23-05-2002,"$76,354 ",0% ,United States,Phoenix,26-09-2021
Director,Finance,Speciality Products,Female,37,28-01-2019,"$1,65,927 ",20% ,United States,Phoenix,
Manager,Accounting,Speciality Products,Female,38,16-11-2021,"$1,09,812 ",9% ,Brazil,Manaus,
Controls Engineer,Engineering,Corporate,Male,55,03-09-1998,"$86,299 ",0% ,United States,Seattle,
Vice President,Marketing,Research & Development,Male,57,26-07-2003,"$2,06,624 ",40% ,Brazil,Sao Paulo,
IT Coordinator,IT,Manufacturing,Male,36,23-12-2010,"$53,215 ",0% ,Brazil,Sao Paulo,27-03-2014
Test Engineer,Engineering,Research & Development,Female,30,22-05-2017,"$86,858 ",0% ,China,Chongqing,08-10-2017
Computer Systems Manager,IT,Manufacturing,Male,40,02-07-2007,"$93,971 ",8% ,China,Chongqing,
Analyst II,Finance,Corporate,Male,34,27-06-2015,"$57,008 ",0% ,United States,Phoenix,
Sr. Manger,Finance,Manufacturing,Male,60,23-09-2015,"$1,41,899 ",15% ,United States,Phoenix,
Analyst II,Marketing,Corporate,Male,41,13-09-2016,"$64,847 ",0% ,United States,Miami,
Engineering Manager,Engineering,Research & Development,Male,53,08-04-1992,"$1,16,878 ",11% ,United States,Miami,
Quality Engineer,Engineering,Speciality Products,Male,45,05-02-2005,"$70,505 ",0% ,United States,Austin,
Director,Engineering,Research & Development,Female,30,22-05-2016,"$1,89,702 ",28% ,Brazil,Manaus,21-12-2020
Director,Accounting,Speciality Products,Male,26,28-07-2020,"$1,80,664 ",27% ,United States,Chicago,
Business Partner,Human Resources,Manufacturing,Female,45,17-12-2003,"$48,345 ",0% ,China,Chengdu,
Director,Human Resources,Manufacturing,Male,42,16-01-2014,"$1,52,214 ",30% ,China,Beijing,
Cloud Infrastructure Architect,IT,Corporate,Female,41,28-04-2009,"$69,803 ",0% ,Brazil,Manaus,
Network Architect,IT,Corporate,Female,48,04-07-2019,"$76,588 ",0% ,Brazil,Rio de Janerio,
Network Engineer,IT,Manufacturing,Male,29,10-12-2018,"$84,596 ",0% ,United States,Miami,
Manager,Marketing,Research & Development,Male,27,25-09-2018,"$1,14,441 ",10% ,China,Chongqing,22-12-2019
Sr. Manger,Finance,Speciality Products,Female,33,21-04-2018,"$1,40,402 ",15% ,China,Beijing,
Analyst II,Finance,Corporate,Female,26,23-04-2019,"$59,817 ",0% ,Brazil,Sao Paulo,
Account Representative,Sales,Manufacturing,Male,31,22-07-2017,"$55,854 ",0% ,United States,Austin,
Sr. Business Partner,Human Resources,Research & Development,Male,53,16-11-2002,"$95,998 ",0% ,United States,Seattle,
Sr. Manger,Sales,Manufacturing,Female,34,22-04-2015,"$1,54,941 ",13% ,United States,Phoenix,
Vice President,Finance,Speciality Products,Female,54,10-07-2011,"$2,47,022 ",30% ,China,Beijing,
Network Architect,IT,Manufacturing,Female,32,05-10-2021,"$88,072 ",0% ,Brazil,Sao Paulo,
Computer Systems Manager,IT,Research & Development,Male,28,26-05-2020,"$67,925 ",8% ,China,Shanghai,
Vice President,Sales,Manufacturing,Female,31,20-08-2020,"$2,19,693 ",30% ,United States,Austin,
Test Engineer,Engineering,Research & Development,Female,45,22-04-2013,"$61,773 ",0% ,United States,Seattle,
Computer Systems Manager,IT,Speciality Products,Female,48,09-01-2007,"$74,546 ",9% ,United States,Seattle,
Development Engineer,Engineering,Speciality Products,Male,56,27-01-2015,"$62,575 ",0% ,United States,Miami,
Director,Human Resources,Corporate,Female,27,23-02-2021,"$1,99,041 ",16% ,China,Beijing,
Analyst II,Accounting,Speciality Products,Male,55,05-04-2007,"$52,310 ",0% ,United States,Miami,12-10-2018
Sr. Manger,Finance,Speciality Products,Male,64,29-06-2013,"$1,59,571 ",10% ,United States,Columbus,
Field Engineer,Engineering,Research & Development,Female,50,23-10-1997,"$91,763 ",0% ,United States,Austin,
Development Engineer,Engineering,Corporate,Female,51,22-12-1995,"$96,475 ",0% ,United States,Austin,
Controls Engineer,Engineering,Manufacturing,Male,36,02-12-2016,"$1,13,781 ",0% ,United States,Columbus,
Director,Finance,Research & Development,Male,42,15-01-2003,"$1,66,599 ",26% ,United States,Seattle,
Sr. Account Representative,Sales,Corporate,Female,41,15-02-2005,"$95,372 ",0% ,China,Shanghai,
Director,IT,Research & Development,Female,29,09-08-2020,"$1,61,203 ",15% ,China,Chengdu,
System Administrator ,IT,Manufacturing,Female,44,13-12-2006,"$74,738 ",0% ,United States,Miami,
Director,Sales,Research & Development,Female,41,10-08-2018,"$1,71,173 ",21% ,United States,Columbus,
Vice President,Sales,Corporate,Male,61,24-09-2019,"$2,01,464 ",37% ,United States,Chicago,
Director,Human Resources,Corporate,Male,50,22-07-1998,"$1,74,895 ",15% ,United States,Chicago,
Sr. Manger,IT,Manufacturing,Female,49,18-04-2006,"$1,34,486 ",14% ,United States,Austin,
Sr. Analyst,Finance,Manufacturing,Female,60,24-02-2007,"$71,699 ",0% ,Brazil,Manaus,
Sr. Analyst,Marketing,Corporate,Female,42,02-01-2021,"$94,430 ",0% ,United States,Seattle,
Manager,Finance,Corporate,Male,39,14-01-2010,"$1,03,504 ",7% ,China,Chengdu,
Enterprise Architect,IT,Manufacturing,Female,55,09-08-2005,"$92,771 ",0% ,United States,Miami,
Analyst II,Finance,Speciality Products,Female,39,06-04-2006,"$71,531 ",0% ,United States,Columbus,
Cloud Infrastructure Architect,IT,Speciality Products,Male,28,06-03-2019,"$90,304 ",0% ,United States,Chicago,
Manager,Marketing,Manufacturing,Female,65,07-09-2011,"$1,04,903 ",10% ,United States,Columbus,
Analyst,Finance,Corporate,Female,52,19-02-2019,"$55,859 ",0% ,China,Beijing,
Operations Engineer,Engineering,Corporate,Female,62,12-10-2006,"$79,785 ",0% ,United States,Austin,
Sr. Analyst,Marketing,Corporate,Female,39,05-11-2007,"$99,017 ",0% ,China,Beijing,
Systems Analyst,IT,Manufacturing,Female,63,01-04-1992,"$53,809 ",0% ,United States,Phoenix,
Field Engineer,Engineering,Speciality Products,Male,27,16-04-2020,"$71,864 ",0% ,China,Chengdu,
Vice President,Finance,Corporate,Female,37,06-12-2011,"$2,25,558 ",33% ,China,Shanghai,
Sr. Manger,IT,Manufacturing,Male,37,25-02-2014,"$1,28,984 ",12% ,United States,Miami,01-05-2021
Field Engineer,Engineering,Speciality Products,Male,46,20-06-1999,"$96,997 ",0% ,Brazil,Sao Paulo,
Director,Human Resources,Manufacturing,Female,54,22-01-2018,"$1,76,294 ",28% ,United States,Austin,
Analyst,Sales,Research & Development,Female,30,14-02-2021,"$48,340 ",0% ,China,Beijing,
Vice President,Engineering,Corporate,Female,28,06-07-2017,"$2,40,488 ",40% ,Brazil,Rio de Janerio,
Enterprise Architect,IT,Manufacturing,Male,40,22-01-2011,"$97,339 ",0% ,United States,Austin,
Vice President,Human Resources,Manufacturing,Female,49,28-02-2003,"$2,11,291 ",37% ,China,Chongqing,
Vice President,Sales,Research & Development,Male,39,23-08-2011,"$2,49,506 ",30% ,Brazil,Rio de Janerio,
Quality Engineer,Engineering,Speciality Products,Male,61,22-11-2002,"$80,950 ",0% ,China,Chongqing,
Automation Engineer,Engineering,Research & Development,Female,46,10-01-2021,"$86,538 ",0% ,China,Chengdu,
Sr. Analyst,Marketing,Speciality Products,Female,35,07-09-2019,"$70,992 ",0% ,United States,Austin,
Vice President,Engineering,Corporate,Male,33,18-06-2015,"$2,05,314 ",30% ,United States,Columbus,
Vice President,Human Resources,Corporate,Female,61,10-03-2017,"$1,96,951 ",33% ,China,Beijing,
Network Engineer,IT,Speciality Products,Male,45,18-09-2005,"$67,686 ",0% ,China,Beijing,
Technical Architect,IT,Research & Development,Male,51,15-04-2008,"$86,431 ",0% ,United States,Columbus,
Manager,Human Resources,Manufacturing,Male,55,16-11-1995,"$1,25,936 ",8% ,China,Chongqing,
Sr. Manger,Sales,Corporate,Female,46,18-07-2013,"$1,49,712 ",14% ,United States,Columbus,
Field Engineer,Engineering,Speciality Products,Male,30,02-10-2021,"$88,758 ",0% ,United States,Seattle,
Solutions Architect,IT,Research & Development,Male,54,13-07-2013,"$83,639 ",0% ,China,Beijing,
Network Architect,IT,Research & Development,Female,54,18-05-1998,"$68,268 ",0% ,United States,Phoenix,
Field Engineer,Engineering,Manufacturing,Male,45,26-02-2002,"$75,819 ",0% ,Brazil,Sao Paulo,
Sr. Analyst,Sales,Speciality Products,Female,49,15-05-1996,"$86,658 ",0% ,United States,Phoenix,
Analyst II,Finance,Research & Development,Male,55,16-03-2014,"$74,552 ",0% ,China,Chengdu,
Enterprise Architect,IT,Manufacturing,Female,62,15-03-2009,"$82,839 ",0% ,United States,Miami,
Network Architect,IT,Speciality Products,Female,28,08-10-2021,"$64,475 ",0% ,United States,Phoenix,
Network Architect,IT,Manufacturing,Male,33,24-07-2020,"$69,453 ",0% ,China,Chengdu,
Manager,IT,Corporate,Male,32,03-01-2014,"$1,27,148 ",10% ,United States,Miami,
Vice President,Finance,Speciality Products,Female,32,02-01-2018,"$1,90,253 ",33% ,United States,Austin,
Manager,Accounting,Research & Development,Male,55,28-04-2000,"$1,15,798 ",5% ,United States,Miami,
Sr. Business Partner,Human Resources,Research & Development,Female,58,21-08-1994,"$93,102 ",0% ,United States,Seattle,13-12-2013
Engineering Manager,Engineering,Speciality Products,Male,34,16-11-2017,"$1,10,054 ",15% ,United States,Miami,
Quality Engineer,Engineering,Research & Development,Female,27,28-01-2021,"$95,786 ",0% ,United States,Chicago,
Sr. Analyst,Sales,Speciality Products,Male,61,03-05-2017,"$90,855 ",0% ,Brazil,Sao Paulo,
Enterprise Architect,IT,Manufacturing,Male,47,14-03-1999,"$92,897 ",0% ,Brazil,Sao Paulo,
Vice President,Marketing,Speciality Products,Male,40,28-02-2009,"$2,42,919 ",31% ,China,Chongqing,
Director,Engineering,Speciality Products,Male,30,20-05-2018,"$1,84,368 ",29% ,United States,Austin,
Sr. Manger,Finance,Corporate,Male,45,24-12-2021,"$1,44,754 ",15% ,United States,Phoenix,
Sr. Account Representative,Sales,Research & Development,Female,30,18-12-2016,"$89,458 ",0% ,United States,Austin,
Vice President,Accounting,Corporate,Female,56,16-03-2014,"$1,90,815 ",40% ,United States,Austin,
Sr. Manger,Sales,Research & Development,Female,62,02-08-1999,"$1,37,995 ",14% ,United States,Austin,
Sr. Business Partner,Human Resources,Manufacturing,Female,45,21-12-2007,"$93,840 ",0% ,Brazil,Manaus,
Technical Architect,IT,Research & Development,Male,46,26-10-2021,"$94,790 ",0% ,China,Chongqing,
Vice President,Human Resources,Research & Development,Male,48,08-03-2014,"$1,97,367 ",39% ,United States,Austin,
Director,Accounting,Manufacturing,Female,27,25-06-2018,"$1,74,097 ",21% ,United States,Phoenix,
Manager,IT,Speciality Products,Male,53,31-10-2006,"$1,20,128 ",10% ,United States,Austin,
Manager,Marketing,Manufacturing,Female,59,25-04-2007,"$1,29,708 ",5% ,United States,Miami,
Manager,Marketing,Research & Development,Male,55,18-09-1994,"$1,02,270 ",10% ,United States,Chicago,
Vice President,Finance,Speciality Products,Female,43,31-07-2005,"$2,49,686 ",31% ,China,Chongqing,
Analyst,Finance,Manufacturing,Female,55,28-03-2002,"$50,475 ",0% ,United States,Columbus,
Manager,Marketing,Research & Development,Male,51,02-07-2020,"$1,00,099 ",8% ,United States,Miami,
IT Coordinator,IT,Manufacturing,Female,54,27-12-2016,"$41,673 ",0% ,United States,Miami,
Sr. Analyst,Marketing,Speciality Products,Female,47,12-07-2017,"$70,996 ",0% ,China,Chengdu,
Analyst,Marketing,Corporate,Male,55,07-12-2004,"$40,752 ",0% ,United States,Phoenix,
Network Engineer,IT,Manufacturing,Female,50,23-01-2001,"$97,537 ",0% ,China,Chengdu,
IT Systems Architect,IT,Research & Development,Male,31,12-09-2020,"$96,567 ",0% ,China,Shanghai,
Systems Analyst,IT,Speciality Products,Male,47,10-03-1999,"$49,404 ",0% ,China,Beijing,
IT Systems Architect,IT,Research & Development,Male,29,15-10-2019,"$66,819 ",0% ,Brazil,Rio de Janerio,
Analyst,Marketing,Speciality Products,Male,38,02-05-2016,"$50,784 ",0% ,Brazil,Rio de Janerio,
Sr. Manger,Human Resources,Research & Development,Male,29,09-05-2019,"$1,25,828 ",15% ,Brazil,Sao Paulo,
Sr. Business Partner,Human Resources,Manufacturing,Male,33,04-08-2017,"$92,610 ",0% ,United States,Columbus,
Sr. Manger,Sales,Speciality Products,Male,50,25-03-2003,"$1,23,405 ",13% ,United States,Columbus,
Account Representative,Sales,Manufacturing,Female,46,20-03-2004,"$73,004 ",0% ,China,Beijing,
Engineering Manager,Engineering,Corporate,Male,57,25-04-1999,"$95,061 ",10% ,China,Shanghai,
Director,Sales,Corporate,Female,49,02-04-1998,"$1,60,832 ",30% ,United States,Phoenix,
Service Desk Analyst,IT,Manufacturing,Male,54,28-12-2010,"$64,417 ",0% ,United States,Columbus,
Manager,Sales,Corporate,Male,28,19-03-2021,"$1,27,543 ",6% ,China,Shanghai,
Analyst,Marketing,Manufacturing,Male,30,21-06-2018,"$56,154 ",0% ,Brazil,Sao Paulo,
Vice President,Sales,Manufacturing,Female,36,22-02-2014,"$2,18,530 ",30% ,China,Shanghai,
Service Desk Analyst,IT,Manufacturing,Female,36,19-12-2019,"$91,954 ",0% ,United States,Columbus,
Vice President,Marketing,Corporate,Female,30,21-09-2016,"$2,21,217 ",32% ,United States,Columbus,25-09-2017
System Administrator ,IT,Manufacturing,Male,29,11-05-2017,"$87,536 ",0% ,United States,Seattle,
Analyst,Sales,Corporate,Female,47,09-06-2015,"$41,429 ",0% ,United States,Seattle,
Vice President,Engineering,Manufacturing,Male,35,10-10-2011,"$2,45,482 ",39% ,United States,Seattle,
Development Engineer,Engineering,Manufacturing,Female,25,20-01-2020,"$71,359 ",0% ,United States,Phoenix,
Director,Engineering,Speciality Products,Male,45,28-08-2014,"$1,83,161 ",22% ,United States,Miami,
Network Administrator,IT,Corporate,Male,58,26-07-1993,"$69,260 ",0% ,United States,Phoenix,
Operations Engineer,Engineering,Speciality Products,Male,51,09-10-1999,"$95,639 ",0% ,United States,Austin,
Manager,Human Resources,Research & Development,Male,48,30-06-2004,"$1,20,660 ",7% ,China,Chengdu,
Sr. Analyst,Sales,Corporate,Male,36,26-12-2021,"$75,119 ",0% ,United States,Chicago,
Vice President,Accounting,Research & Development,Male,59,18-05-2011,"$1,92,213 ",40% ,United States,Chicago,
Account Representative,Sales,Speciality Products,Female,45,10-05-2014,"$65,047 ",0% ,Brazil,Sao Paulo,
Sr. Manger,Sales,Manufacturing,Male,29,16-03-2017,"$1,51,413 ",15% ,United States,Seattle,
Sr. Analyst,Accounting,Speciality Products,Male,62,22-04-2003,"$76,906 ",0% ,United States,Seattle,
Manager,IT,Corporate,Male,51,23-02-1994,"$1,22,802 ",5% ,China,Shanghai,
Development Engineer,Engineering,Research & Development,Male,47,14-07-1998,"$99,091 ",0% ,United States,Austin,
Controls Engineer,Engineering,Manufacturing,Male,40,28-02-2008,"$1,13,987 ",0% ,Brazil,Manaus,
Sr. Analyst,Finance,Corporate,Female,28,04-09-2020,"$95,045 ",0% ,United States,Chicago,
Vice President,Marketing,Speciality Products,Female,29,05-01-2017,"$1,90,401 ",37% ,United States,Columbus,
Sr. Analyst,Finance,Corporate,Male,46,20-01-2013,"$86,061 ",0% ,Brazil,Rio de Janerio,
Sr. Account Representative,Sales,Speciality Products,Male,45,10-02-2021,"$79,882 ",0% ,United States,Phoenix,
Vice President,Engineering,Manufacturing,Female,30,06-03-2018,"$2,55,431 ",36% ,United States,Columbus,
Service Desk Analyst,IT,Manufacturing,Female,48,22-08-2003,"$82,017 ",0% ,China,Beijing,
Analyst,Finance,Manufacturing,Female,51,18-01-2017,"$53,799 ",0% ,United States,Columbus,
Sr. Analyst,Sales,Corporate,Female,28,03-07-2021,"$82,739 ",0% ,United States,Phoenix,
Cloud Infrastructure Architect,IT,Manufacturing,Female,36,30-05-2014,"$99,080 ",0% ,United States,Chicago,
Sr. Account Representative,Sales,Corporate,Female,40,20-01-2011,"$96,719 ",0% ,China,Chengdu,
Director,Human Resources,Research & Development,Female,51,28-03-2021,"$1,80,687 ",19% ,United States,Phoenix,
Engineering Manager,Engineering,Corporate,Male,45,12-04-2001,"$95,743 ",15% ,United States,Austin,15-01-2010
Development Engineer,Engineering,Research & Development,Female,44,04-09-2009,"$89,695 ",0% ,United States,Austin,
Manager,Finance,Manufacturing,Male,64,20-07-1998,"$1,22,753 ",9% ,China,Chongqing,
Sr. Business Partner,Human Resources,Research & Development,Male,30,15-03-2015,"$93,734 ",0% ,United States,Phoenix,
Analyst,Accounting,Corporate,Male,28,12-05-2017,"$52,069 ",0% ,China,Chongqing,
Vice President,Accounting,Corporate,Female,33,16-12-2020,"$2,58,426 ",40% ,Brazil,Rio de Janerio,
Manager,Finance,Speciality Products,Male,51,16-02-1995,"$1,25,375 ",9% ,United States,Chicago,
Vice President,Accounting,Manufacturing,Male,25,08-02-2021,"$1,98,243 ",31% ,United States,Miami,
Test Engineer,Engineering,Research & Development,Female,42,23-11-2017,"$96,023 ",0% ,United States,Miami,
Sr. Analyst,Marketing,Research & Development,Female,34,25-06-2012,"$83,066 ",0% ,United States,Chicago,05-06-2013
Analyst II,Sales,Research & Development,Female,48,14-05-2014,"$61,216 ",0% ,United States,Seattle,
Sr. Manger,Accounting,Corporate,Male,33,10-02-2013,"$1,44,231 ",14% ,United States,Columbus,17-07-2020
HRIS Analyst,Human Resources,Research & Development,Male,41,24-10-2007,"$51,630 ",0% ,China,Beijing,
Sr. Manger,Sales,Corporate,Male,55,16-11-2013,"$1,24,129 ",15% ,Brazil,Sao Paulo,
Test Engineer,Engineering,Manufacturing,Male,36,09-04-2009,"$60,055 ",0% ,United States,Seattle,
Director,Engineering,Research & Development,Male,31,26-08-2020,"$1,89,290 ",22% ,Brazil,Sao Paulo,25-09-2020
Vice President,IT,Corporate,Female,53,30-04-2008,"$1,82,202 ",30% ,United States,Austin,
Manager,Sales,Speciality Products,Male,43,31-01-2006,"$1,17,518 ",7% ,United States,Seattle,
Sr. Manger,Finance,Manufacturing,Female,37,24-02-2013,"$1,57,474 ",11% ,Brazil,Rio de Janerio,
Manager,Marketing,Manufacturing,Male,38,06-04-2008,"$1,26,856 ",6% ,United States,Columbus,
Sr. Manger,Accounting,Manufacturing,Female,49,02-04-2001,"$1,29,124 ",12% ,China,Shanghai,
Director,Sales,Research & Development,Female,45,01-03-2002,"$1,65,181 ",16% ,United States,Seattle,
Vice President,Finance,Corporate,Male,50,18-01-2004,"$2,47,939 ",35% ,Brazil,Rio de Janerio,
Director,Engineering,Speciality Products,Male,64,25-08-2017,"$1,69,509 ",18% ,Brazil,Manaus,
Sr. Manger,Accounting,Manufacturing,Female,55,09-01-2011,"$1,38,521 ",10% ,United States,Miami,
Engineering Manager,Engineering,Speciality Products,Female,45,14-03-2014,"$1,13,873 ",11% ,Brazil,Rio de Janerio,
Enterprise Architect,IT,Corporate,Female,39,09-05-2018,"$73,317 ",0% ,United States,Miami,
Service Desk Analyst,IT,Speciality Products,Female,40,26-06-2013,"$69,096 ",0% ,United States,Seattle,
Sr. Business Partner,Human Resources,Manufacturing,Male,48,12-04-2005,"$87,158 ",0% ,Brazil,Manaus,
Test Engineer,Engineering,Corporate,Male,64,28-09-1992,"$70,778 ",0% ,United States,Austin,
Director,Human Resources,Speciality Products,Female,65,23-05-2004,"$1,53,938 ",20% ,United States,Phoenix,
Systems Analyst,IT,Research & Development,Male,43,04-05-2018,"$59,888 ",0% ,China,Beijing,
Test Engineer,Engineering,Corporate,Male,50,13-12-2018,"$63,098 ",0% ,United States,Columbus,
Vice President,Finance,Corporate,Female,27,15-12-2021,"$2,55,369 ",33% ,Brazil,Sao Paulo,
Sr. Manger,Human Resources,Manufacturing,Female,55,10-11-2004,"$1,42,318 ",14% ,United States,Chicago,
Business Partner,Human Resources,Manufacturing,Male,41,20-08-2004,"$49,186 ",0% ,United States,Austin,17-06-2008
Vice President,Human Resources,Research & Development,Female,34,27-07-2019,"$2,20,937 ",38% ,United States,Austin,
Director,IT,Speciality Products,Female,47,26-10-2012,"$1,83,156 ",30% ,United States,Seattle,
Vice President,IT,Speciality Products,Female,32,22-07-2020,"$1,92,749 ",31% ,United States,Chicago,
Sr. Manger,IT,Manufacturing,Female,39,25-03-2017,"$1,35,325 ",14% ,United States,Phoenix,
Sr. Analyst,Sales,Speciality Products,Female,26,14-10-2019,"$79,356 ",0% ,United States,Phoenix,
Development Engineer,Engineering,Manufacturing,Male,40,07-07-2005,"$74,412 ",0% ,United States,Seattle,
Computer Systems Manager,IT,Manufacturing,Female,32,02-10-2017,"$61,886 ",9% ,Brazil,Rio de Janerio,
Director,Accounting,Research & Development,Female,58,14-05-2003,"$1,73,071 ",29% ,United States,Columbus,
Field Engineer,Engineering,Research & Development,Female,58,27-10-1995,"$70,189 ",0% ,United States,Columbus,
Vice President,Sales,Research & Development,Female,42,11-09-2013,"$1,81,452 ",30% ,United States,Columbus,
HRIS Analyst,Human Resources,Speciality Products,Male,26,12-03-2021,"$70,369 ",0% ,United States,Seattle,
Sr. Analyst,Accounting,Manufacturing,Male,38,05-07-2008,"$78,056 ",0% ,Brazil,Sao Paulo,
Director,Finance,Research & Development,Male,64,02-05-1996,"$1,89,933 ",23% ,United States,Miami,
Automation Engineer,Engineering,Speciality Products,Male,38,01-07-2010,"$78,237 ",0% ,United States,Phoenix,
Analyst,Accounting,Research & Development,Female,55,26-06-1996,"$48,687 ",0% ,Brazil,Rio de Janerio,
Sr. Manger,Marketing,Manufacturing,Female,45,19-08-2004,"$1,21,065 ",15% ,Brazil,Rio de Janerio,
Sr. Analyst,Sales,Corporate,Male,43,16-04-2004,"$94,246 ",0% ,United States,Austin,
Systems Analyst,IT,Manufacturing,Female,34,22-05-2016,"$44,614 ",0% ,United States,Miami,
Vice President,IT,Research & Development,Male,40,08-11-2020,"$2,34,469 ",31% ,China,Chengdu,
Automation Engineer,Engineering,Research & Development,Male,52,10-07-2020,"$88,272 ",0% ,Brazil,Sao Paulo,
Analyst II,Finance,Corporate,Male,52,14-09-2017,"$74,449 ",0% ,China,Beijing,
Vice President,Engineering,Speciality Products,Male,47,11-06-2012,"$2,22,941 ",39% ,China,Beijing,
Analyst,Marketing,Manufacturing,Female,65,26-09-2013,"$50,341 ",0% ,China,Beijing,
HRIS Analyst,Human Resources,Corporate,Female,31,11-04-2021,"$72,235 ",0% ,Brazil,Manaus,
Sr. Analyst,Accounting,Corporate,Female,41,12-06-2016,"$70,165 ",0% ,United States,Columbus,
Sr. Manger,Marketing,Speciality Products,Male,30,18-07-2020,"$1,48,485 ",15% ,United States,Miami,
Technical Architect,IT,Manufacturing,Female,58,18-06-2005,"$86,089 ",0% ,United States,Chicago,
Engineering Manager,Engineering,Research & Development,Male,54,27-10-2007,"$1,06,313 ",15% ,United States,Chicago,
Analyst,Marketing,Research & Development,Female,40,24-02-2021,"$46,833 ",0% ,China,Chengdu,10-11-2021
Director,Finance,Research & Development,Female,63,27-10-2000,"$1,55,320 ",17% ,China,Chongqing,
Sr. Analyst,Accounting,Manufacturing,Male,40,15-01-2016,"$89,984 ",0% ,China,Chengdu,
Engineering Manager,Engineering,Speciality Products,Female,65,16-03-2006,"$83,756 ",14% ,China,Shanghai,
Director,Human Resources,Corporate,Female,57,24-10-2016,"$1,76,324 ",23% ,China,Shanghai,
Sr. Analyst,Accounting,Speciality Products,Male,27,13-10-2021,"$74,077 ",0% ,United States,Seattle,
Manager,Human Resources,Manufacturing,Female,31,18-01-2021,"$1,04,162 ",7% ,United States,Austin,
IT Systems Architect,IT,Corporate,Female,45,28-08-2010,"$82,162 ",0% ,China,Beijing,03-10-2020
Account Representative,Sales,Speciality Products,Female,47,10-07-2015,"$63,880 ",0% ,China,Chongqing,
Test Engineer,Engineering,Research & Development,Female,55,08-09-2013,"$73,248 ",0% ,United States,Columbus,
Sr. Analyst,Accounting,Manufacturing,Male,51,09-10-2020,"$91,853 ",0% ,United States,Chicago,
Director,Finance,Speciality Products,Male,25,14-01-2020,"$1,68,014 ",27% ,United States,Chicago,27-07-2021
Development Engineer,Engineering,Corporate,Female,37,17-09-2017,"$70,770 ",0% ,United States,Miami,
HRIS Analyst,Human Resources,Corporate,Male,62,11-10-2004,"$50,825 ",0% ,United States,Seattle,
Sr. Manger,Finance,Research & Development,Male,31,19-09-2015,"$1,45,846 ",15% ,Brazil,Manaus,
Sr. Manger,Human Resources,Research & Development,Female,64,07-12-2003,"$1,25,807 ",15% ,United States,Chicago,
Analyst,Sales,Speciality Products,Male,25,28-07-2021,"$46,845 ",0% ,United States,Miami,
Sr. Manger,Marketing,Corporate,Female,59,29-08-2008,"$1,57,969 ",10% ,China,Chongqing,
Solutions Architect,IT,Corporate,Female,40,10-12-2010,"$97,807 ",0% ,United States,Chicago,
HRIS Analyst,Human Resources,Manufacturing,Male,31,09-12-2015,"$73,854 ",0% ,United States,Seattle,
Sr. Manger,Accounting,Manufacturing,Male,45,12-12-2006,"$1,49,537 ",14% ,United States,Seattle,
Sr. Manger,Sales,Manufacturing,Female,49,15-04-2013,"$1,28,303 ",15% ,United States,Phoenix,
Network Architect,IT,Speciality Products,Male,46,10-06-2005,"$67,374 ",0% ,United States,Austin,
Manager,Human Resources,Corporate,Male,46,24-09-2011,"$1,02,167 ",6% ,Brazil,Rio de Janerio,
Sr. Manger,Sales,Manufacturing,Male,45,07-09-2007,"$1,51,027 ",10% ,China,Shanghai,
Manager,Accounting,Speciality Products,Male,40,16-02-2018,"$1,20,905 ",5% ,United States,Seattle,
Vice President,Finance,Manufacturing,Female,48,02-06-2018,"$2,31,567 ",36% ,United States,Seattle,
Vice President,IT,Research & Development,Male,31,12-07-2015,"$2,15,388 ",33% ,United States,Miami,
Sr. Manger,Sales,Speciality Products,Female,30,13-06-2015,"$1,27,972 ",11% ,United States,Seattle,
Operations Engineer,Engineering,Corporate,Female,55,04-08-1995,"$80,701 ",0% ,United States,Chicago,14-04-2005
Manager,Marketing,Corporate,Male,28,02-02-2020,"$1,15,417 ",6% ,China,Shanghai,
Quality Engineer,Engineering,Corporate,Female,45,19-06-2019,"$88,045 ",0% ,United States,Chicago,
Computer Systems Manager,IT,Speciality Products,Female,45,26-03-2018,"$86,478 ",6% ,United States,Austin,
Vice President,Engineering,Manufacturing,Male,63,18-01-2016,"$1,80,994 ",39% ,United States,Seattle,
Analyst II,Finance,Research & Development,Female,55,02-12-2007,"$64,494 ",0% ,United States,Columbus,
Account Representative,Sales,Manufacturing,Male,47,21-10-2002,"$70,122 ",0% ,United States,Columbus,
Director,Accounting,Manufacturing,Male,29,19-02-2017,"$1,81,854 ",29% ,United States,Seattle,24-04-2020
Business Partner,Human Resources,Speciality Products,Female,34,21-10-2016,"$52,811 ",0% ,United States,Miami,
Systems Analyst,IT,Research & Development,Female,28,25-10-2019,"$50,111 ",0% ,China,Chengdu,
Network Administrator,IT,Manufacturing,Male,31,07-05-2016,"$71,192 ",0% ,United States,Austin,
Director,Sales,Manufacturing,Female,50,18-12-2018,"$1,55,351 ",20% ,United States,Seattle,
Director,Human Resources,Speciality Products,Male,39,28-11-2006,"$1,61,690 ",29% ,China,Beijing,
Development Engineer,Engineering,Speciality Products,Female,35,10-02-2017,"$60,132 ",0% ,China,Chongqing,
Network Architect,IT,Manufacturing,Male,54,24-10-1994,"$87,216 ",0% ,United States,Miami,
Systems Analyst,IT,Corporate,Male,47,23-04-2020,"$50,069 ",0% ,United States,Seattle,
Director,IT,Speciality Products,Female,26,26-07-2021,"$1,51,108 ",22% ,United States,Phoenix,
Computer Systems Manager,IT,Manufacturing,Female,42,15-10-2005,"$67,398 ",7% ,United States,Phoenix,
Development Engineer,Engineering,Research & Development,Female,47,29-08-2015,"$68,488 ",0% ,United States,Seattle,
Quality Engineer,Engineering,Manufacturing,Female,60,16-07-1998,"$92,932 ",0% ,United States,Columbus,
Analyst,Finance,Corporate,Female,36,30-06-2009,"$43,363 ",0% ,United States,Austin,
Service Desk Analyst,IT,Speciality Products,Male,31,14-02-2017,"$95,963 ",0% ,China,Chengdu,
Manager,Finance,Speciality Products,Female,55,29-04-2010,"$1,11,038 ",5% ,Brazil,Sao Paulo,
Vice President,Engineering,Research & Development,Female,51,14-06-1996,"$2,00,246 ",34% ,United States,Columbus,
Vice President,IT,Corporate,Female,48,18-02-2015,"$1,94,871 ",35% ,United States,Columbus,
Sr. Analyst,Accounting,Research & Development,Male,58,15-09-1994,"$98,769 ",0% ,Brazil,Rio de Janerio,03-10-2016
Account Representative,Sales,Research & Development,Female,29,19-05-2018,"$65,334 ",0% ,Brazil,Rio de Janerio,
Technical Architect,IT,Manufacturing,Female,25,11-05-2021,"$83,934 ",0% ,United States,Miami,
Director,Accounting,Research & Development,Male,36,03-09-2016,"$1,50,399 ",28% ,United States,Chicago,
Director,Human Resources,Research & Development,Male,37,19-05-2012,"$1,60,280 ",19% ,China,Beijing,
Business Partner,Human Resources,Speciality Products,Male,57,28-04-1997,"$54,051 ",0% ,United States,Miami,11-10-1998
Director,Engineering,Research & Development,Female,59,15-04-2003,"$1,50,699 ",29% ,Brazil,Sao Paulo,
Analyst II,Marketing,Speciality Products,Male,37,30-03-2013,"$69,570 ",0% ,United States,Miami,
Service Desk Analyst,IT,Manufacturing,Female,30,29-03-2019,"$86,774 ",0% ,China,Chengdu,
HRIS Analyst,Human Resources,Manufacturing,Male,49,29-03-2001,"$57,606 ",0% ,United States,Miami,
Sr. Manger,Finance,Corporate,Female,48,10-09-2001,"$1,25,730 ",11% ,China,Chongqing,
System Administrator ,IT,Research & Development,Female,51,25-02-2012,"$64,170 ",0% ,United States,Columbus,
Sr. Business Partner,Human Resources,Speciality Products,Male,56,21-01-1998,"$72,303 ",0% ,United States,Phoenix,
Manager,Sales,Research & Development,Male,36,26-07-2012,"$1,05,891 ",7% ,United States,Seattle,
Vice President,Marketing,Speciality Products,Male,38,25-08-2021,"$2,55,230 ",36% ,United States,Austin,
Analyst II,Sales,Manufacturing,Female,56,15-06-1992,"$59,591 ",0% ,Brazil,Sao Paulo,
Vice President,Human Resources,Manufacturing,Female,52,23-07-2012,"$1,87,048 ",32% ,China,Chengdu,
Analyst II,Finance,Speciality Products,Female,53,09-02-2002,"$58,605 ",0% ,United States,Phoenix,
Director,Engineering,Corporate,Female,60,04-01-2017,"$1,78,502 ",20% ,United States,Austin,
Manager,Accounting,Speciality Products,Male,63,29-07-2015,"$1,03,724 ",5% ,China,Shanghai,
Director,Engineering,Research & Development,Female,37,21-03-2008,"$1,56,277 ",22% ,Brazil,Manaus,
Field Engineer,Engineering,Research & Development,Female,30,17-12-2017,"$87,744 ",0% ,Brazil,Sao Paulo,
Analyst II,Finance,Manufacturing,Male,30,18-03-2019,"$54,714 ",0% ,United States,Columbus,
Enterprise Architect,IT,Corporate,Female,45,25-08-2013,"$99,169 ",0% ,China,Beijing,
Sr. Manger,Accounting,Research & Development,Female,55,20-06-2006,"$1,42,628 ",12% ,China,Chongqing,
Sr. Analyst,Marketing,Manufacturing,Female,33,27-04-2014,"$75,869 ",0% ,Brazil,Sao Paulo,
Network Architect,IT,Manufacturing,Female,65,14-05-2018,"$60,985 ",0% ,United States,Seattle,
Sr. Manger,IT,Research & Development,Female,60,24-07-2010,"$1,26,911 ",10% ,China,Shanghai,
Vice President,Sales,Research & Development,Male,56,25-02-2004,"$2,16,949 ",32% ,China,Shanghai,
Director,Engineering,Manufacturing,Male,53,22-10-2012,"$1,68,510 ",29% ,United States,Seattle,
Field Engineer,Engineering,Speciality Products,Female,36,14-03-2016,"$85,870 ",0% ,Brazil,Sao Paulo,
Sr. Analyst,Marketing,Corporate,Female,46,15-01-2002,"$86,510 ",0% ,China,Beijing,02-01-2003
Manager,Sales,Speciality Products,Female,38,21-09-2017,"$1,19,647 ",9% ,Brazil,Sao Paulo,
Enterprise Architect,IT,Research & Development,Male,62,15-04-2001,"$80,921 ",0% ,United States,Columbus,
Engineering Manager,Engineering,Research & Development,Female,61,15-01-2010,"$98,110 ",13% ,United States,Chicago,
Network Architect,IT,Speciality Products,Female,59,20-10-2017,"$86,831 ",0% ,United States,Phoenix,
Technical Architect,IT,Speciality Products,Female,49,10-09-2010,"$72,826 ",0% ,China,Beijing,
Director,Marketing,Manufacturing,Female,64,14-02-2011,"$1,71,217 ",19% ,United States,Seattle,
Manager,IT,Research & Development,Female,57,27-04-2020,"$1,03,058 ",7% ,United States,Columbus,
Manager,Sales,Speciality Products,Male,52,07-08-2014,"$1,17,062 ",7% ,United States,Phoenix,
Sr. Manger,Accounting,Speciality Products,Male,40,23-01-2019,"$1,59,031 ",10% ,United States,Miami,
Sr. Manger,IT,Research & Development,Female,49,14-01-2004,"$1,25,086 ",10% ,Brazil,Sao Paulo,
System Administrator ,IT,Speciality Products,Male,43,07-04-2016,"$67,976 ",0% ,United States,Seattle,
Analyst II,Finance,Speciality Products,Male,31,22-04-2021,"$74,215 ",0% ,United States,Phoenix,
Director,Accounting,Manufacturing,Male,55,11-06-2010,"$1,87,389 ",25% ,China,Chengdu,
Sr. Manger,Human Resources,Speciality Products,Female,41,26-10-2008,"$1,31,841 ",13% ,United States,Columbus,
Sr. Analyst,Accounting,Research & Development,Male,34,26-07-2011,"$97,231 ",0% ,China,Beijing,
Sr. Manger,Finance,Corporate,Female,41,14-03-2004,"$1,55,004 ",12% ,United States,Austin,
Systems Analyst,IT,Manufacturing,Male,40,30-07-2007,"$41,859 ",0% ,United States,Seattle,
IT Coordinator,IT,Manufacturing,Male,42,24-09-2006,"$52,733 ",0% ,United States,Chicago,
Vice President,Human Resources,Corporate,Male,31,03-09-2015,"$2,50,953 ",34% ,United States,Columbus,
Director,Marketing,Research & Development,Male,49,19-02-1999,"$1,91,807 ",21% ,China,Chongqing,
Technical Architect,IT,Speciality Products,Male,42,23-06-2014,"$64,677 ",0% ,China,Chongqing,
Sr. Manger,IT,Corporate,Male,46,14-09-2004,"$1,30,274 ",11% ,United States,Chicago,
Network Architect,IT,Research & Development,Male,37,06-07-2017,"$96,331 ",0% ,China,Shanghai,
Sr. Manger,Finance,Research & Development,Female,51,28-04-2006,"$1,50,758 ",13% ,United States,Chicago,16-08-2007
Director,Engineering,Corporate,Male,46,19-07-2014,"$1,73,629 ",21% ,Brazil,Sao Paulo,
Solutions Architect,IT,Corporate,Male,55,04-05-1998,"$62,174 ",0% ,United States,Chicago,
Analyst II,Accounting,Manufacturing,Male,43,20-10-2017,"$56,555 ",0% ,United States,Phoenix,
Analyst II,Marketing,Manufacturing,Male,48,28-09-2005,"$74,655 ",0% ,United States,Austin,
System Administrator ,IT,Corporate,Male,48,11-08-2003,"$93,017 ",0% ,United States,Seattle,
Sr. Analyst,Marketing,Manufacturing,Male,51,14-04-2012,"$82,300 ",0% ,China,Chengdu,
Automation Engineer,Engineering,Research & Development,Female,46,24-01-2008,"$91,621 ",0% ,United States,Chicago,
Sr. Analyst,Marketing,Research & Development,Male,33,30-11-2014,"$91,280 ",0% ,United States,Miami,
Business Partner,Human Resources,Manufacturing,Female,42,18-09-2020,"$47,071 ",0% ,United States,Columbus,
IT Systems Architect,IT,Manufacturing,Female,55,21-11-2011,"$81,218 ",0% ,United States,Chicago,
Vice President,Engineering,Manufacturing,Female,50,13-10-2008,"$1,81,801 ",40% ,China,Chongqing,11-12-2019
Account Representative,Sales,Manufacturing,Female,26,21-11-2021,"$63,137 ",0% ,United States,Chicago,
Vice President,Engineering,Manufacturing,Female,55,02-09-2018,"$2,21,465 ",34% ,China,Chengdu,
Quality Engineer,Engineering,Research & Development,Female,50,10-05-2013,"$79,388 ",0% ,United States,Austin,04-08-2019
Solutions Architect,IT,Manufacturing,Female,28,22-01-2018,"$68,176 ",0% ,United States,Seattle,
Sr. Manger,Finance,Research & Development,Female,39,18-10-2019,"$1,22,829 ",11% ,United States,Chicago,
Sr. Manger,Marketing,Speciality Products,Female,31,18-08-2019,"$1,26,353 ",12% ,China,Shanghai,
Director,Accounting,Speciality Products,Female,55,17-10-2010,"$1,88,727 ",23% ,China,Chengdu,
Sr. Analyst,Sales,Research & Development,Male,52,18-02-1994,"$99,624 ",0% ,United States,Seattle,
Manager,Sales,Speciality Products,Female,55,20-10-2012,"$1,08,686 ",6% ,United States,Columbus,
Analyst,Accounting,Corporate,Female,56,13-04-1995,"$50,857 ",0% ,Brazil,Manaus,
Operations Engineer,Engineering,Manufacturing,Male,47,02-01-2001,"$1,20,628 ",0% ,United States,Chicago,
Director,Sales,Speciality Products,Female,63,14-06-2020,"$1,81,216 ",27% ,United States,Columbus,
Analyst,Finance,Corporate,Female,63,16-03-2012,"$46,081 ",0% ,United States,Chicago,
Sr. Manger,Accounting,Corporate,Female,55,28-05-2004,"$1,59,885 ",12% ,United States,Columbus,
Director,Sales,Manufacturing,Female,55,29-10-1995,"$1,53,271 ",15% ,United States,Austin,
Manager,Human Resources,Manufacturing,Male,42,12-12-2009,"$1,14,242 ",8% ,United States,Phoenix,
IT Coordinator,IT,Speciality Products,Female,39,18-11-2020,"$48,415 ",0% ,China,Shanghai,
Development Engineer,Engineering,Manufacturing,Male,35,23-05-2017,"$65,566 ",0% ,United States,Seattle,
Sr. Manger,Marketing,Research & Development,Male,45,03-05-2001,"$1,47,752 ",12% ,China,Shanghai,26-12-2011
Sr. Manger,Marketing,Manufacturing,Female,25,14-09-2021,"$1,36,810 ",14% ,China,Chongqing,
Analyst,Sales,Corporate,Male,47,28-02-2013,"$54,635 ",0% ,United States,Chicago,
Cloud Infrastructure Architect,IT,Corporate,Female,42,05-02-2020,"$96,636 ",0% ,United States,Columbus,
System Administrator ,IT,Manufacturing,Female,35,29-10-2014,"$91,592 ",0% ,United States,Chicago,
Business Partner,Human Resources,Research & Development,Female,45,17-08-2000,"$55,563 ",0% ,China,Chengdu,
Director,IT,Research & Development,Female,52,14-02-1996,"$1,59,724 ",23% ,China,Beijing,
Vice President,Marketing,Corporate,Male,57,04-08-2017,"$1,83,190 ",36% ,United States,Chicago,
Analyst,Accounting,Speciality Products,Female,56,25-12-2019,"$54,829 ",0% ,United States,Phoenix,
Quality Engineer,Engineering,Corporate,Male,46,22-04-2005,"$96,639 ",0% ,Brazil,Rio de Janerio,
Manager,Marketing,Speciality Products,Female,43,11-06-2006,"$1,17,278 ",9% ,United States,Miami,
Computer Systems Manager,IT,Speciality Products,Male,53,09-02-2008,"$84,193 ",9% ,China,Shanghai,
Network Administrator,IT,Manufacturing,Female,47,28-07-2018,"$87,806 ",0% ,United States,Seattle,
Test Engineer,Engineering,Research & Development,Male,62,04-10-2011,"$63,959 ",0% ,United States,Seattle,
Vice President,IT,Research & Development,Male,35,11-06-2015,"$2,34,723 ",36% ,China,Shanghai,
Analyst,Accounting,Corporate,Female,27,24-08-2019,"$50,809 ",0% ,China,Chongqing,
Sr. Analyst,Finance,Manufacturing,Male,55,19-07-2002,"$77,396 ",0% ,United States,Miami,
Sr. Analyst,Finance,Speciality Products,Female,63,31-12-1999,"$89,523 ",0% ,United States,Phoenix,
Cloud Infrastructure Architect,IT,Corporate,Female,53,20-07-2011,"$86,173 ",0% ,China,Chongqing,
Vice President,Sales,Manufacturing,Female,54,19-08-2000,"$2,22,224 ",38% ,United States,Columbus,
Sr. Manger,Finance,Research & Development,Male,43,17-04-2021,"$1,46,140 ",15% ,United States,Seattle,
Engineering Manager,Engineering,Speciality Products,Female,64,20-06-1994,"$1,09,456 ",10% ,United States,Chicago,
Director,Finance,Research & Development,Female,65,07-10-2008,"$1,70,221 ",15% ,Brazil,Manaus,
Computer Systems Manager,IT,Research & Development,Female,42,01-03-2006,"$97,433 ",5% ,United States,Seattle,08-08-2015
Account Representative,Sales,Manufacturing,Male,35,30-08-2013,"$59,646 ",0% ,China,Shanghai,
Director,Engineering,Speciality Products,Male,64,29-08-1995,"$1,58,787 ",18% ,China,Chengdu,
Controls Engineer,Engineering,Research & Development,Male,55,29-04-2018,"$83,378 ",0% ,China,Beijing,
Sr. Analyst,Marketing,Corporate,Female,32,12-11-2013,"$88,895 ",0% ,United States,Chicago,
Director,Marketing,Corporate,Male,45,11-12-2004,"$1,68,846 ",24% ,China,Chongqing,
Business Partner,Human Resources,Research & Development,Male,35,22-02-2011,"$43,336 ",0% ,United States,Austin,12-07-2020
Sr. Manger,Human Resources,Corporate,Male,38,27-09-2009,"$1,27,801 ",15% ,United States,Phoenix,
Network Administrator,IT,Corporate,Male,54,01-04-2000,"$76,352 ",0% ,United States,Austin,
Vice President,Finance,Corporate,Male,28,22-06-2019,"$2,50,767 ",38% ,United States,Seattle,
Vice President,Marketing,Corporate,Male,26,27-09-2020,"$2,23,055 ",30% ,United States,Columbus,
Director,Engineering,Corporate,Male,45,13-04-2007,"$1,89,680 ",23% ,Brazil,Sao Paulo,
Test Engineer,Engineering,Manufacturing,Male,57,18-07-2018,"$71,167 ",0% ,United States,Columbus,
Technical Architect,IT,Speciality Products,Female,59,04-04-2010,"$76,027 ",0% ,United States,Seattle,
Director,Engineering,Corporate,Male,48,10-12-2019,"$1,83,113 ",24% ,Brazil,Rio de Janerio,
Analyst II,Accounting,Manufacturing,Male,30,20-10-2020,"$67,753 ",0% ,United States,Phoenix,
Computer Systems Manager,IT,Corporate,Male,31,13-10-2016,"$63,744 ",8% ,United States,Austin,
Quality Engineer,Engineering,Manufacturing,Female,50,09-07-2002,"$92,209 ",0% ,China,Shanghai,
Sr. Manger,Sales,Corporate,Male,51,01-09-2000,"$1,57,487 ",12% ,United States,Phoenix,
Sr. Analyst,Marketing,Research & Development,Male,42,07-04-2015,"$99,697 ",0% ,Brazil,Rio de Janerio,
Network Administrator,IT,Research & Development,Male,45,26-02-2010,"$90,770 ",0% ,United States,Columbus,
Analyst,Sales,Speciality Products,Female,64,28-01-2005,"$55,369 ",0% ,United States,Phoenix,
Field Engineer,Engineering,Speciality Products,Female,59,16-09-2014,"$69,578 ",0% ,Brazil,Rio de Janerio,
Director,Accounting,Speciality Products,Male,41,04-06-2013,"$1,67,526 ",26% ,United States,Miami,
Field Engineer,Engineering,Speciality Products,Female,42,05-02-2021,"$65,507 ",0% ,Brazil,Manaus,
Manager,Finance,Research & Development,Male,54,28-04-1998,"$1,08,268 ",9% ,Brazil,Sao Paulo,15-05-2004
Technical Architect,IT,Research & Development,Male,37,05-02-2016,"$80,055 ",0% ,China,Beijing,
Sr. Analyst,Sales,Research & Development,Male,58,27-04-2009,"$76,802 ",0% ,Brazil,Manaus,
Vice President,Sales,Speciality Products,Male,47,22-11-2016,"$2,53,249 ",31% ,United States,Austin,
Sr. Business Partner,Human Resources,Research & Development,Female,60,11-11-2005,"$78,388 ",0% ,China,Chongqing,
Vice President,IT,Corporate,Male,38,22-06-2016,"$2,49,870 ",34% ,United States,Chicago,
Sr. Manger,Marketing,Manufacturing,Male,63,01-03-2015,"$1,48,321 ",15% ,China,Beijing,
Service Desk Analyst,IT,Corporate,Female,60,10-02-2004,"$90,258 ",0% ,China,Chongqing,
System Administrator ,IT,Manufacturing,Female,42,19-02-2011,"$72,486 ",0% ,United States,Seattle,
Sr. Analyst,Finance,Corporate,Male,34,04-09-2014,"$95,499 ",0% ,Brazil,Sao Paulo,11-08-2017
Sr. Analyst,Accounting,Research & Development,Female,53,23-12-2004,"$90,212 ",0% ,Brazil,Sao Paulo,
Vice President,Marketing,Research & Development,Male,39,05-12-2019,"$2,54,057 ",39% ,China,Shanghai,
Business Partner,Human Resources,Manufacturing,Female,58,12-10-2010,"$43,001 ",0% ,United States,Austin,
Computer Systems Manager,IT,Manufacturing,Male,60,03-08-1998,"$85,120 ",9% ,United States,Seattle,
Business Partner,Human Resources,Manufacturing,Male,34,03-08-2015,"$52,200 ",0% ,United States,Columbus,
Sr. Manger,Human Resources,Corporate,Female,60,18-10-2008,"$1,50,855 ",11% ,United States,Phoenix,
Enterprise Architect,IT,Manufacturing,Female,53,20-07-2004,"$65,702 ",0% ,United States,Columbus,
Director,Finance,Corporate,Male,58,12-10-2007,"$1,62,038 ",24% ,China,Chongqing,
Sr. Manger,Marketing,Research & Development,Female,25,09-04-2020,"$1,57,057 ",10% ,United States,Columbus,
Manager,IT,Research & Development,Male,46,11-08-2021,"$1,27,559 ",10% ,United States,Austin,
Field Engineer,Engineering,Corporate,Female,39,12-03-2019,"$62,644 ",0% ,United States,Seattle,
Network Architect,IT,Manufacturing,Male,50,06-03-2001,"$73,907 ",0% ,China,Shanghai,
Sr. Analyst,Accounting,Manufacturing,Female,56,10-03-2018,"$90,040 ",0% ,United States,Chicago,
Development Engineer,Engineering,Manufacturing,Female,30,26-05-2016,"$91,134 ",0% ,Brazil,Sao Paulo,
Vice President,Human Resources,Speciality Products,Female,45,22-09-2021,"$2,01,396 ",32% ,United States,Miami,
Analyst,Accounting,Corporate,Female,55,22-12-2011,"$54,733 ",0% ,China,Chongqing,
System Administrator ,IT,Corporate,Male,28,17-06-2019,"$65,341 ",0% ,United States,Miami,11-04-2022
Sr. Manger,Finance,Corporate,Female,59,27-10-2018,"$1,39,208 ",11% ,United States,Austin,
Sr. Analyst,Sales,Speciality Products,Male,63,12-03-2018,"$73,200 ",0% ,China,Shanghai,
Manager,Accounting,Speciality Products,Female,46,24-04-2010,"$1,02,636 ",6% ,United States,Seattle,
Sr. Account Representative,Sales,Speciality Products,Female,26,09-02-2021,"$87,427 ",0% ,Brazil,Sao Paulo,
IT Coordinator,IT,Research & Development,Male,45,28-05-2018,"$49,219 ",0% ,United States,Columbus,
Manager,Finance,Manufacturing,Male,50,19-05-2018,"$1,06,437 ",7% ,China,Chongqing,
Analyst II,Finance,Manufacturing,Male,46,05-05-2015,"$64,364 ",0% ,Brazil,Sao Paulo,
Director,Human Resources,Manufacturing,Male,50,17-10-2021,"$1,72,180 ",30% ,United States,Columbus,
Sr. Analyst,Sales,Manufacturing,Female,33,14-05-2012,"$88,343 ",0% ,Brazil,Rio de Janerio,
Solutions Architect,IT,Speciality Products,Male,57,10-07-2014,"$66,649 ",0% ,Brazil,Rio de Janerio,
Manager,Finance,Corporate,Female,48,22-04-1999,"$1,02,847 ",5% ,United States,Chicago,
Sr. Manger,Finance,Manufacturing,Male,46,19-07-2010,"$1,34,881 ",15% ,Brazil,Manaus,
Analyst II,Marketing,Manufacturing,Male,52,23-05-1999,"$68,807 ",0% ,China,Chengdu,30-11-2015
Vice President,IT,Manufacturing,Male,56,29-05-2006,"$2,28,822 ",36% ,United States,Miami,
Analyst,Marketing,Manufacturing,Male,28,18-07-2021,"$43,391 ",0% ,United States,Columbus,
Quality Engineer,Engineering,Speciality Products,Male,29,15-11-2021,"$91,782 ",0% ,China,Chongqing,
Vice President,Marketing,Corporate,Female,45,28-02-2016,"$2,11,637 ",31% ,United States,Chicago,
Computer Systems Manager,IT,Manufacturing,Male,28,08-08-2020,"$73,255 ",9% ,United States,Phoenix,
Manager,Sales,Corporate,Male,28,08-01-2021,"$1,08,826 ",10% ,United States,Miami,
Solutions Architect,IT,Speciality Products,Male,34,24-05-2016,"$94,352 ",0% ,United States,Miami,
IT Systems Architect,IT,Research & Development,Female,55,30-08-1994,"$73,955 ",0% ,United States,Phoenix,
Manager,Human Resources,Manufacturing,Male,34,13-08-2013,"$1,13,909 ",6% ,Brazil,Rio de Janerio,
Network Administrator,IT,Manufacturing,Male,27,24-12-2020,"$92,321 ",0% ,United States,Chicago,
Computer Systems Manager,IT,Research & Development,Male,52,23-05-2013,"$99,557 ",9% ,United States,Seattle,
Automation Engineer,Engineering,Speciality Products,Female,28,14-11-2018,"$1,15,854 ",0% ,United States,Phoenix,
IT Systems Architect,IT,Manufacturing,Female,44,01-03-2011,"$82,462 ",0% ,United States,Austin,
Vice President,IT,Research & Development,Female,53,09-11-2011,"$1,98,473 ",32% ,United States,Miami,
Sr. Manger,Finance,Corporate,Female,43,15-10-2006,"$1,53,492 ",11% ,United States,Chicago,
Vice President,Human Resources,Corporate,Female,28,21-01-2018,"$2,08,210 ",30% ,United States,Seattle,
Sr. Analyst,Marketing,Corporate,Male,33,17-11-2015,"$91,632 ",0% ,United States,Phoenix,
HRIS Analyst,Human Resources,Corporate,Male,31,24-09-2017,"$71,755 ",0% ,China,Chongqing,
Manager,Accounting,Corporate,Female,52,19-11-2021,"$1,11,006 ",8% ,China,Chongqing,
Cloud Infrastructure Architect,IT,Corporate,Male,55,24-12-1994,"$99,774 ",0% ,United States,Austin,
Director,IT,Research & Development,Male,55,13-03-2007,"$1,84,648 ",24% ,China,Shanghai,
Vice President,IT,Manufacturing,Male,51,19-07-2001,"$2,47,874 ",33% ,Brazil,Manaus,
Development Engineer,Engineering,Manufacturing,Male,60,11-05-2009,"$62,239 ",0% ,China,Beijing,
Manager,Accounting,Speciality Products,Female,31,07-10-2014,"$1,14,911 ",7% ,United States,Chicago,
Engineering Manager,Engineering,Corporate,Male,45,27-04-2018,"$1,15,490 ",12% ,United States,Chicago,
Manager,Accounting,Speciality Products,Male,34,13-02-2012,"$1,18,708 ",7% ,China,Shanghai,
Director,Accounting,Speciality Products,Female,29,28-06-2017,"$1,97,649 ",20% ,United States,Columbus,
Sr. Analyst,Accounting,Speciality Products,Female,45,17-06-2020,"$89,841 ",0% ,China,Beijing,
Analyst II,Finance,Speciality Products,Female,52,20-12-2019,"$61,026 ",0% ,United States,Phoenix,
Controls Engineer,Engineering,Speciality Products,Female,48,25-09-2014,"$96,693 ",0% ,United States,Chicago,
Test Engineer,Engineering,Speciality Products,Female,48,27-06-2009,"$82,907 ",0% ,United States,Seattle,
Vice President,Marketing,Corporate,Male,41,04-10-2014,"$2,57,194 ",35% ,China,Chongqing,
Quality Engineer,Engineering,Research & Development,Male,41,21-01-2012,"$94,658 ",0% ,United States,Miami,
Quality Engineer,Engineering,Research & Development,Male,55,30-04-2011,"$89,419 ",0% ,China,Shanghai,
HRIS Analyst,Human Resources,Manufacturing,Male,45,19-12-2015,"$51,983 ",0% ,United States,Columbus,
Director,Finance,Corporate,Female,53,17-02-2002,"$1,79,494 ",20% ,China,Chongqing,
IT Systems Architect,IT,Corporate,Male,49,24-06-2016,"$68,426 ",0% ,Brazil,Rio de Janerio,
Sr. Manger,Finance,Corporate,Female,55,06-02-2017,"$1,44,986 ",12% ,United States,Phoenix,
Account Representative,Sales,Speciality Products,Female,45,16-08-2000,"$60,113 ",0% ,United States,Chicago,
HRIS Analyst,Human Resources,Research & Development,Female,52,18-04-2021,"$50,548 ",0% ,Brazil,Sao Paulo,
Analyst II,Marketing,Manufacturing,Female,33,14-03-2020,"$68,846 ",0% ,United States,Chicago,
Solutions Architect,IT,Corporate,Female,59,19-03-2014,"$90,901 ",0% ,United States,Seattle,
Manager,Accounting,Corporate,Female,50,03-09-2012,"$1,02,033 ",8% ,United States,Austin,
Director,Sales,Manufacturing,Female,61,23-01-2021,"$1,51,783 ",26% ,United States,Seattle,
Director,Engineering,Corporate,Female,27,07-12-2018,"$1,70,164 ",17% ,United States,Austin,
Sr. Manger,Marketing,Speciality Products,Female,35,20-02-2014,"$1,55,905 ",14% ,United States,Phoenix,
Analyst,Sales,Corporate,Male,40,17-12-2016,"$50,733 ",0% ,United States,Miami,
Sr. Business Partner,Human Resources,Corporate,Female,30,26-01-2017,"$88,663 ",0% ,United States,Phoenix,
Field Engineer,Engineering,Manufacturing,Male,60,13-10-1992,"$88,213 ",0% ,China,Chongqing,
Analyst II,Sales,Speciality Products,Male,55,02-08-2021,"$67,130 ",0% ,United States,Miami,
Sr. Analyst,Finance,Speciality Products,Female,33,08-10-2015,"$94,876 ",0% ,United States,Miami,
Development Engineer,Engineering,Speciality Products,Male,62,09-10-1994,"$98,230 ",0% ,United States,Miami,
Test Engineer,Engineering,Research & Development,Female,36,14-12-2018,"$96,757 ",0% ,United States,Columbus,
Analyst II,Marketing,Manufacturing,Male,35,03-07-2020,"$51,513 ",0% ,United States,Columbus,
Vice President,Marketing,Corporate,Male,60,27-01-2007,"$2,34,311 ",37% ,United States,Miami,
Sr. Manger,Human Resources,Speciality Products,Female,45,22-05-2011,"$1,52,353 ",14% ,United States,Seattle,
Sr. Manger,Accounting,Speciality Products,Female,48,30-07-2010,"$1,24,774 ",12% ,United States,Phoenix,
Director,Marketing,Corporate,Female,36,13-09-2010,"$1,57,070 ",28% ,China,Chongqing,
Sr. Manger,Finance,Speciality Products,Male,44,08-08-2019,"$1,30,133 ",15% ,United States,Austin,18-05-2022
Manager,Marketing,Manufacturing,Female,64,21-09-2019,"$1,08,780 ",6% ,China,Shanghai,
Director,Engineering,Speciality Products,Female,46,21-10-2020,"$1,51,853 ",16% ,China,Chengdu,
Account Representative,Sales,Manufacturing,Female,62,17-09-2006,"$64,669 ",0% ,China,Chongqing,
Analyst II,Marketing,Research & Development,Male,61,30-04-2008,"$69,352 ",0% ,Brazil,Rio de Janerio,
Analyst II,Marketing,Research & Development,Male,65,17-10-2001,"$74,631 ",0% ,China,Chongqing,
Quality Engineer,Engineering,Speciality Products,Male,54,29-04-2012,"$96,441 ",0% ,Brazil,Sao Paulo,
Engineering Manager,Engineering,Speciality Products,Male,46,20-10-2011,"$1,14,250 ",14% ,China,Chengdu,
Computer Systems Manager,IT,Corporate,Male,36,27-12-2020,"$70,165 ",7% ,Brazil,Manaus,
Manager,IT,Corporate,Male,60,29-01-2000,"$1,09,059 ",7% ,China,Chengdu,
Operations Engineer,Engineering,Research & Development,Female,30,14-11-2015,"$77,442 ",0% ,United States,Columbus,
Analyst II,Sales,Corporate,Female,34,06-06-2012,"$72,126 ",0% ,Brazil,Manaus,
Service Desk Analyst,IT,Manufacturing,Male,55,18-10-2013,"$70,334 ",0% ,United States,Miami,
Quality Engineer,Engineering,Research & Development,Male,59,23-12-2009,"$78,006 ",0% ,United States,Miami,
Director,IT,Manufacturing,Female,28,25-01-2021,"$1,60,385 ",23% ,United States,Miami,18-05-2021
Vice President,Finance,Corporate,Female,36,11-01-2014,"$2,02,323 ",39% ,United States,Chicago,
Sr. Manger,Human Resources,Corporate,Female,29,13-07-2020,"$1,41,555 ",11% ,Brazil,Manaus,
Director,Finance,Speciality Products,Female,34,20-07-2020,"$1,84,960 ",18% ,United States,Seattle,
Vice President,IT,Manufacturing,Male,37,25-06-2011,"$2,21,592 ",31% ,United States,Columbus,
HRIS Analyst,Human Resources,Manufacturing,Female,44,28-01-2009,"$53,301 ",0% ,United States,Seattle,
Cloud Infrastructure Architect,IT,Corporate,Male,45,02-03-2000,"$91,276 ",0% ,United States,Seattle,
Sr. Manger,Human Resources,Research & Development,Female,52,05-09-2017,"$1,40,042 ",13% ,United States,Austin,
Analyst,Accounting,Manufacturing,Female,40,06-12-2018,"$57,225 ",0% ,United States,Columbus,
Manager,Human Resources,Speciality Products,Female,55,24-02-2010,"$1,02,839 ",5% ,United States,Miami,
Director,Marketing,Research & Development,Male,29,15-09-2021,"$1,99,783 ",21% ,United States,Chicago,10-04-2022
Sr. Business Partner,Human Resources,Research & Development,Male,32,09-04-2021,"$70,980 ",0% ,Brazil,Rio de Janerio,
Manager,Marketing,Corporate,Male,51,26-01-1997,"$1,04,431 ",7% ,United States,Phoenix,
Business Partner,Human Resources,Speciality Products,Male,28,27-06-2021,"$48,510 ",0% ,United States,Chicago,
Quality Engineer,Engineering,Speciality Products,Male,27,28-05-2019,"$70,110 ",0% ,United States,Miami,07-01-2021
Director,Marketing,Corporate,Male,45,12-03-2008,"$1,86,138 ",28% ,China,Chongqing,
Analyst,Accounting,Manufacturing,Male,58,19-04-2010,"$56,350 ",0% ,Brazil,Rio de Janerio,
Sr. Manger,Finance,Research & Development,Female,45,10-01-2016,"$1,49,761 ",12% ,United States,Columbus,
Sr. Manger,Finance,Corporate,Male,44,11-08-2007,"$1,26,277 ",13% ,Brazil,Manaus,
Manager,Sales,Speciality Products,Male,33,21-06-2013,"$1,19,631 ",6% ,United States,Phoenix,
Vice President,IT,Research & Development,Male,26,09-05-2020,"$2,56,561 ",39% ,United States,Austin,
Solutions Architect,IT,Speciality Products,Female,45,16-04-2020,"$66,958 ",0% ,United States,Miami,
Sr. Manger,Sales,Manufacturing,Female,46,29-02-2004,"$1,58,897 ",10% ,China,Chongqing,
Technical Architect,IT,Corporate,Male,37,15-02-2008,"$71,695 ",0% ,United States,Phoenix,
Sr. Analyst,Marketing,Corporate,Male,40,22-09-2014,"$73,779 ",0% ,China,Chongqing,09-05-2019
Manager,Sales,Speciality Products,Female,45,20-10-2011,"$1,23,640 ",7% ,China,Shanghai,
Analyst,Sales,Speciality Products,Female,33,13-04-2014,"$46,878 ",0% ,United States,Miami,
Analyst,Marketing,Speciality Products,Female,64,10-02-2003,"$57,032 ",0% ,United States,Miami,
Sr. Analyst,Sales,Manufacturing,Female,57,02-10-2007,"$98,150 ",0% ,Brazil,Rio de Janerio,
Director,Marketing,Manufacturing,Female,35,06-03-2017,"$1,71,426 ",15% ,China,Beijing,22-09-2017
Analyst,Finance,Manufacturing,Female,55,16-04-2021,"$48,266 ",0% ,United States,Chicago,
Vice President,Finance,Research & Development,Male,36,18-08-2018,"$2,23,404 ",32% ,United States,Columbus,
System Administrator ,IT,Speciality Products,Female,57,10-01-2014,"$74,854 ",0% ,United States,Seattle,
Vice President,Accounting,Speciality Products,Female,48,25-04-2007,"$2,17,783 ",36% ,United States,Seattle,
Systems Analyst,IT,Manufacturing,Female,53,15-08-2004,"$44,735 ",0% ,Brazil,Manaus,
Analyst II,Finance,Manufacturing,Female,41,09-01-2007,"$50,685 ",0% ,United States,Columbus,
Analyst II,Sales,Research & Development,Male,34,10-03-2018,"$58,993 ",0% ,United States,Austin,
Operations Engineer,Engineering,Corporate,Male,47,08-06-2020,"$1,15,765 ",0% ,United States,Miami,02-02-2021
Director,Accounting,Manufacturing,Female,63,06-03-2007,"$1,93,044 ",15% ,United States,Miami,
Analyst,Marketing,Research & Development,Female,65,17-06-2011,"$56,686 ",0% ,United States,Seattle,09-06-2015
Sr. Manger,Finance,Manufacturing,Female,33,25-10-2019,"$1,31,652 ",11% ,United States,Seattle,
Director,Marketing,Manufacturing,Female,45,29-02-2008,"$1,50,577 ",25% ,United States,Miami,
Engineering Manager,Engineering,Research & Development,Female,37,27-12-2018,"$87,359 ",11% ,Brazil,Rio de Janerio,
Analyst II,Sales,Speciality Products,Female,60,08-01-2014,"$51,877 ",0% ,China,Beijing,
Solutions Architect,IT,Manufacturing,Male,43,18-01-2017,"$86,417 ",0% ,United States,Chicago,
System Administrator ,IT,Research & Development,Female,65,08-05-2003,"$96,548 ",0% ,United States,Austin,
Sr. Analyst,Accounting,Manufacturing,Female,43,23-01-2014,"$92,940 ",0% ,China,Chengdu,
Analyst II,Accounting,Speciality Products,Male,28,24-08-2018,"$61,410 ",0% ,United States,Phoenix,
Manager,Finance,Speciality Products,Female,61,25-04-2010,"$1,10,302 ",6% ,United States,Miami,
Director,Engineering,Speciality Products,Female,45,22-04-2018,"$1,87,205 ",24% ,United States,Columbus,20-06-2022
Sr. Analyst,Sales,Corporate,Male,45,16-03-2011,"$81,687 ",0% ,United States,Phoenix,
Vice President,IT,Speciality Products,Male,54,15-08-2009,"$2,41,083 ",39% ,United States,Columbus,
Vice President,Finance,Speciality Products,Female,38,09-11-2018,"$2,23,805 ",36% ,United States,Chicago,
Director,Accounting,Corporate,Female,27,16-07-2021,"$1,61,759 ",16% ,United States,Miami,
Computer Systems Manager,IT,Research & Development,Male,40,24-02-2019,"$95,899 ",10% ,United States,Columbus,08-03-2021
Sr. Analyst,Finance,Corporate,Male,49,07-06-2019,"$80,700 ",0% ,United States,Columbus,
Manager,Human Resources,Speciality Products,Male,54,11-03-1997,"$1,28,136 ",5% ,China,Beijing,
Analyst II,Marketing,Corporate,Female,39,18-04-2017,"$58,745 ",0% ,United States,Austin,
Technical Architect,IT,Corporate,Female,57,04-05-1992,"$76,202 ",0% ,United States,Austin,18-12-1994
Vice President,Sales,Speciality Products,Male,36,19-03-2018,"$1,95,200 ",36% ,United States,Austin,
Analyst II,Finance,Manufacturing,Female,45,07-12-2016,"$71,454 ",0% ,China,Shanghai,
Cloud Infrastructure Architect,IT,Manufacturing,Female,30,03-02-2020,"$94,652 ",0% ,United States,Seattle,
Technical Architect,IT,Manufacturing,Male,34,16-02-2016,"$63,411 ",0% ,United States,Miami,
Analyst II,Sales,Speciality Products,Male,31,17-02-2020,"$67,171 ",0% ,China,Chongqing,01-05-2021
Sr. Manger,Accounting,Speciality Products,Female,28,06-07-2019,"$1,52,036 ",15% ,Brazil,Rio de Janerio,
Controls Engineer,Engineering,Manufacturing,Female,55,21-03-2021,"$95,562 ",0% ,United States,Chicago,
Sr. Analyst,Sales,Research & Development,Male,30,04-11-2019,"$96,092 ",0% ,United States,Austin,
Vice President,Engineering,Manufacturing,Male,63,03-06-2013,"$2,54,289 ",39% ,United States,Chicago,
Computer Systems Manager,IT,Research & Development,Male,26,10-07-2019,"$69,110 ",5% ,United States,Chicago,
Vice President,Marketing,Speciality Products,Male,52,11-06-2002,"$2,36,314 ",34% ,United States,Miami,
Analyst,Marketing,Corporate,Male,51,19-06-2007,"$45,206 ",0% ,United States,Columbus,
Vice President,Finance,Research & Development,Female,25,15-11-2021,"$2,10,708 ",33% ,United States,Chicago,
System Administrator ,IT,Corporate,Male,40,26-09-2021,"$87,770 ",0% ,United States,Austin,
Manager,Accounting,Corporate,Female,38,12-08-2015,"$1,06,858 ",5% ,United States,Seattle,
Director,Human Resources,Corporate,Male,60,14-04-2015,"$1,55,788 ",17% ,United States,Seattle,
Sr. Business Partner,Human Resources,Speciality Products,Female,45,26-04-2019,"$74,891 ",0% ,Brazil,Rio de Janerio,
Controls Engineer,Engineering,Corporate,Male,28,18-12-2021,"$95,670 ",0% ,United States,Phoenix,
Account Representative,Sales,Research & Development,Female,65,29-09-2000,"$67,837 ",0% ,United States,Austin,
Analyst II,Sales,Research & Development,Male,41,04-06-2010,"$72,425 ",0% ,China,Beijing,
Sr. Analyst,Sales,Corporate,Female,52,16-10-1994,"$93,103 ",0% ,United States,Phoenix,
Controls Engineer,Engineering,Corporate,Female,56,14-10-2015,"$76,272 ",0% ,United States,Miami,22-10-2021
Analyst II,Finance,Manufacturing,Female,48,24-06-2003,"$55,760 ",0% ,United States,Austin,
Vice President,Accounting,Corporate,Female,36,13-01-2020,"$2,53,294 ",40% ,United States,Miami,
Analyst II,Finance,Corporate,Male,60,16-08-2007,"$58,671 ",0% ,United States,Columbus,
Account Representative,Sales,Research & Development,Female,40,16-03-2018,"$55,457 ",0% ,United States,Columbus,
Account Representative,Sales,Manufacturing,Female,63,26-09-2017,"$72,340 ",0% ,United States,Phoenix,03-04-2019
Manager,Marketing,Corporate,Female,29,02-11-2016,"$1,22,054 ",6% ,United States,Phoenix,
Director,IT,Manufacturing,Female,27,03-01-2018,"$1,67,100 ",20% ,China,Chengdu,
Technical Architect,IT,Corporate,Female,53,23-04-1997,"$78,153 ",0% ,United States,Miami,
Manager,Finance,Manufacturing,Female,37,14-04-2020,"$1,03,524 ",9% ,United States,Phoenix,
Manager,IT,Corporate,Male,30,05-08-2017,"$1,19,906 ",5% ,United States,Columbus,
Analyst,Marketing,Speciality Products,Female,28,17-01-2020,"$45,061 ",0% ,United States,Miami,
IT Systems Architect,IT,Corporate,Male,51,17-01-2003,"$91,399 ",0% ,United States,Seattle,
Enterprise Architect,IT,Research & Development,Male,28,28-09-2017,"$97,336 ",0% ,United States,Austin,
Sr. Manger,Accounting,Corporate,Female,31,20-01-2017,"$1,24,629 ",10% ,United States,Columbus,
Vice President,Human Resources,Speciality Products,Female,28,25-07-2021,"$2,31,850 ",39% ,United States,Miami,
Manager,Accounting,Research & Development,Male,34,04-06-2018,"$1,28,329 ",8% ,United States,Phoenix,
Vice President,Marketing,Speciality Products,Male,44,28-03-2021,"$1,86,033 ",34% ,Brazil,Sao Paulo,
Sr. Manger,Marketing,Manufacturing,Male,60,26-07-2021,"$1,21,480 ",14% ,United States,Phoenix,
Director,Human Resources,Speciality Products,Female,41,21-05-2010,"$1,53,275 ",24% ,United States,Columbus,
Sr. Analyst,Sales,Research & Development,Female,62,18-05-2020,"$97,830 ",0% ,United States,Austin,
Vice President,Marketing,Corporate,Female,47,13-03-1999,"$2,39,394 ",32% ,United States,Austin,
Analyst,Finance,Speciality Products,Female,62,20-09-2002,"$49,738 ",0% ,China,Beijing,
Analyst,Accounting,Manufacturing,Female,33,27-05-2018,"$45,049 ",0% ,United States,Seattle,
Director,Finance,Research & Development,Female,27,26-05-2020,"$1,53,628 ",29% ,China,Chongqing,12-12-2020
Sr. Manger,Sales,Manufacturing,Male,25,15-06-2021,"$1,42,731 ",11% ,China,Shanghai,03-06-2022
Sr. Manger,Marketing,Speciality Products,Female,29,15-05-2020,"$1,37,106 ",12% ,Brazil,Sao Paulo,
Vice President,Finance,Corporate,Female,54,05-09-2007,"$1,83,239 ",32% ,United States,Seattle,
Analyst,Accounting,Manufacturing,Female,28,25-05-2019,"$45,819 ",0% ,United States,Miami,
Analyst,Accounting,Research & Development,Female,54,29-12-2006,"$55,518 ",0% ,United States,Columbus,
Manager,Marketing,Manufacturing,Female,50,11-03-2012,"$1,08,134 ",10% ,China,Shanghai,
Manager,Marketing,Research & Development,Female,55,20-12-1992,"$1,13,950 ",9% ,United States,Miami,
Vice President,Marketing,Speciality Products,Female,52,01-04-1998,"$1,82,035 ",30% ,United States,Chicago,
Director,Accounting,Speciality Products,Male,35,16-08-2017,"$1,81,356 ",23% ,China,Beijing,
Account Representative,Sales,Corporate,Female,26,21-08-2019,"$66,084 ",0% ,United States,Seattle,
Solutions Architect,IT,Speciality Products,Female,43,22-04-2010,"$76,912 ",0% ,Brazil,Sao Paulo,
Test Engineer,Engineering,Research & Development,Female,63,07-05-2018,"$67,987 ",0% ,United States,Miami,
Analyst II,Marketing,Manufacturing,Male,65,20-08-2005,"$59,833 ",0% ,United States,Columbus,
Sr. Manger,Marketing,Speciality Products,Male,45,11-04-2005,"$1,28,468 ",11% ,United States,Chicago,
Manager,Sales,Corporate,Male,42,29-05-2011,"$1,02,440 ",6% ,United States,Chicago,
Vice President,IT,Speciality Products,Male,59,30-12-2010,"$2,46,619 ",36% ,United States,Miami,
Manager,Human Resources,Corporate,Female,42,19-11-2017,"$1,01,143 ",6% ,United States,Miami,
Business Partner,Human Resources,Manufacturing,Female,45,14-10-2005,"$51,404 ",0% ,Brazil,Manaus,06-12-2009
Field Engineer,Engineering,Speciality Products,Male,45,21-11-2015,"$87,292 ",0% ,United States,Columbus,
Director,Marketing,Speciality Products,Female,28,11-12-2019,"$1,82,321 ",28% ,China,Beijing,
Systems Analyst,IT,Corporate,Male,51,27-02-2014,"$53,929 ",0% ,United States,Miami,22-12-2017
Vice President,Accounting,Manufacturing,Female,38,13-12-2012,"$1,91,571 ",32% ,United States,Austin,
Sr. Manger,Accounting,Corporate,Female,62,30-01-2009,"$1,50,555 ",13% ,United States,Phoenix,
Manager,Finance,Corporate,Male,52,05-10-2009,"$1,22,890 ",7% ,China,Shanghai,
Vice President,Finance,Research & Development,Male,52,26-05-1997,"$2,16,999 ",37% ,United States,Miami,
Manager,Human Resources,Corporate,Male,48,16-07-2015,"$1,10,565 ",9% ,China,Beijing,
IT Coordinator,IT,Speciality Products,Male,38,19-04-2015,"$48,762 ",0% ,United States,Seattle,
Development Engineer,Engineering,Speciality Products,Female,51,11-02-2017,"$87,036 ",0% ,China,Chongqing,
Director,Marketing,Speciality Products,Male,32,28-11-2016,"$1,77,443 ",16% ,United States,Seattle,
Enterprise Architect,IT,Research & Development,Female,36,29-04-2016,"$75,862 ",0% ,United States,Austin,
Sr. Business Partner,Human Resources,Research & Development,Female,45,26-04-2019,"$90,870 ",0% ,United States,Chicago,
Engineering Manager,Engineering,Corporate,Female,32,04-12-2014,"$99,202 ",11% ,United States,Phoenix,
Sr. Analyst,Marketing,Corporate,Male,45,22-09-2007,"$92,293 ",0% ,China,Chengdu,
Solutions Architect,IT,Corporate,Male,54,30-06-1992,"$63,196 ",0% ,United States,Chicago,26-10-2014
Development Engineer,Engineering,Speciality Products,Female,48,03-05-2012,"$65,340 ",0% ,China,Shanghai,09-05-2018
Vice President,Marketing,Corporate,Male,45,24-09-2015,"$2,02,680 ",32% ,United States,Phoenix,17-08-2022
Computer Systems Manager,IT,Manufacturing,Female,46,24-04-2017,"$77,461 ",9% ,Brazil,Sao Paulo,
Operations Engineer,Engineering,Research & Development,Female,40,09-09-2016,"$1,09,680 ",0% ,China,Chengdu,
Director,Sales,Manufacturing,Female,61,19-08-1997,"$1,59,567 ",28% ,United States,Phoenix,
Development Engineer,Engineering,Speciality Products,Male,54,24-11-2012,"$94,407 ",0% ,Brazil,Sao Paulo,
Vice President,Human Resources,Corporate,Male,62,16-08-2002,"$2,34,594 ",33% ,United States,Seattle,
Systems Analyst,IT,Speciality Products,Male,48,11-02-2002,"$43,080 ",0% ,United States,Austin,
Manager,Marketing,Manufacturing,Female,29,09-05-2021,"$1,29,541 ",8% ,United States,Phoenix,24-05-2021
Director,Sales,Research & Development,Male,39,27-12-2013,"$1,65,756 ",28% ,United States,Columbus,09-06-2020
Sr. Manger,Finance,Speciality Products,Male,44,06-04-2010,"$1,42,878 ",12% ,United States,Columbus,
Director,Engineering,Manufacturing,Male,52,28-10-2006,"$1,87,992 ",28% ,United States,Miami,
Vice President,Human Resources,Speciality Products,Female,45,25-02-2019,"$2,49,801 ",39% ,Brazil,Sao Paulo,
Network Administrator,IT,Research & Development,Male,48,27-09-2006,"$76,505 ",0% ,United States,Seattle,08-04-2007
Service Desk Analyst,IT,Corporate,Male,39,21-10-2016,"$84,297 ",0% ,Brazil,Manaus,
Sr. Analyst,Sales,Speciality Products,Female,53,09-01-2017,"$75,769 ",0% ,Brazil,Manaus,17-07-2020
Vice President,Accounting,Speciality Products,Male,41,17-08-2013,"$2,35,619 ",30% ,United States,Seattle,
Director,Engineering,Speciality Products,Male,40,07-02-2020,"$1,87,187 ",18% ,Brazil,Manaus,
Network Engineer,IT,Research & Development,Male,48,27-07-2005,"$68,987 ",0% ,United States,Chicago,22-04-2006
Director,Engineering,Speciality Products,Male,41,15-03-2007,"$1,55,926 ",24% ,United States,Columbus,30-05-2008
Sr. Analyst,Accounting,Speciality Products,Male,54,04-05-2016,"$93,668 ",0% ,United States,Chicago,
HRIS Analyst,Human Resources,Research & Development,Male,38,29-11-2019,"$69,647 ",0% ,United States,Miami,20-04-2022
System Administrator ,IT,Corporate,Male,57,26-06-2003,"$63,318 ",0% ,United States,Columbus,
Sr. Analyst,Marketing,Manufacturing,Male,63,12-02-2017,"$77,629 ",0% ,China,Beijing,
Sr. Manger,Human Resources,Manufacturing,Male,62,22-11-2017,"$1,38,808 ",15% ,China,Chongqing,
Enterprise Architect,IT,Research & Development,Female,49,05-03-2014,"$88,777 ",0% ,United States,Chicago,
Director,Accounting,Corporate,Female,60,14-05-2004,"$1,86,378 ",26% ,China,Chongqing,
Quality Engineer,Engineering,Research & Development,Female,45,23-04-2015,"$60,017 ",0% ,United States,Chicago,
Sr. Manger,Sales,Speciality Products,Female,45,24-07-2018,"$1,48,991 ",12% ,Brazil,Sao Paulo,
Field Engineer,Engineering,Speciality Products,Female,52,25-03-2008,"$97,398 ",0% ,Brazil,Manaus,
Sr. Business Partner,Human Resources,Manufacturing,Female,63,02-05-2007,"$72,805 ",0% ,China,Shanghai,
Sr. Account Representative,Sales,Research & Development,Female,46,17-01-2021,"$72,131 ",0% ,China,Shanghai,
Manager,Human Resources,Manufacturing,Male,64,26-12-1992,"$1,04,668 ",8% ,United States,Columbus,
Sr. Analyst,Sales,Manufacturing,Female,53,05-08-2017,"$89,769 ",0% ,United States,Seattle,
Manager,Sales,Corporate,Female,27,15-09-2018,"$1,27,616 ",7% ,United States,Columbus,
Manager,Human Resources,Corporate,Male,45,09-07-2012,"$1,09,883 ",7% ,United States,Columbus,
Business Partner,Human Resources,Manufacturing,Female,25,15-03-2021,"$47,974 ",0% ,China,Chongqing,
Sr. Manger,IT,Speciality Products,Female,43,27-03-2015,"$1,20,321 ",12% ,United States,Austin,
IT Coordinator,IT,Manufacturing,Female,61,10-08-2014,"$57,446 ",0% ,United States,Phoenix,
Director,Accounting,Research & Development,Female,42,04-06-2009,"$1,74,099 ",26% ,United States,Austin,
Sr. Manger,Finance,Manufacturing,Male,63,08-02-2002,"$1,28,703 ",13% ,United States,Austin,
Field Engineer,Engineering,Corporate,Female,32,09-11-2015,"$65,247 ",0% ,United States,Phoenix,
Quality Engineer,Engineering,Research & Development,Male,27,28-09-2018,"$64,247 ",0% ,Brazil,Rio de Janerio,
Manager,Human Resources,Research & Development,Female,33,11-06-2012,"$1,18,253 ",8% ,United States,Austin,
Operations Engineer,Engineering,Manufacturing,Female,45,11-03-2004,"$1,09,422 ",0% ,China,Chongqing,
Manager,Human Resources,Corporate,Male,41,06-02-2019,"$1,26,950 ",10% ,United States,Chicago,
Enterprise Architect,IT,Manufacturing,Female,36,21-11-2014,"$97,500 ",0% ,United States,Miami,
IT Coordinator,IT,Manufacturing,Male,25,17-01-2021,"$41,844 ",0% ,China,Chongqing,
Analyst II,Accounting,Research & Development,Male,43,10-02-2014,"$58,875 ",0% ,China,Chengdu,
Account Representative,Sales,Manufacturing,Female,37,10-11-2015,"$64,204 ",0% ,United States,Columbus,20-04-2021
Analyst II,Sales,Corporate,Female,42,09-05-2010,"$67,743 ",0% ,China,Beijing,25-12-2014
Sr. Account Representative,Sales,Speciality Products,Female,60,30-07-1997,"$71,677 ",0% ,United States,Columbus,
IT Coordinator,IT,Speciality Products,Male,61,24-09-2000,"$40,063 ",0% ,United States,Miami,
IT Coordinator,IT,Manufacturing,Female,55,30-04-2004,"$40,124 ",0% ,United States,Austin,
Automation Engineer,Engineering,Manufacturing,Male,57,26-02-2018,"$1,03,183 ",0% ,United States,Austin,09-07-2021
System Administrator ,IT,Corporate,Male,54,15-06-1998,"$95,239 ",0% ,United States,Phoenix,
Development Engineer,Engineering,Manufacturing,Female,29,09-11-2019,"$75,012 ",0% ,United States,Chicago,
Network Architect,IT,Manufacturing,Female,33,29-06-2014,"$96,366 ",0% ,China,Chengdu,
Analyst,Marketing,Corporate,Female,39,29-07-2014,"$40,897 ",0% ,United States,Seattle,
Manager,Finance,Research & Development,Female,37,23-08-2016,"$1,24,928 ",6% ,China,Chongqing,
Manager,Finance,Speciality Products,Female,51,14-06-2013,"$1,08,221 ",5% ,Brazil,Manaus,
Sr. Business Partner,Human Resources,Corporate,Male,46,20-02-2007,"$75,579 ",0% ,United States,Seattle,
Sr. Manger,Human Resources,Manufacturing,Male,41,27-12-2015,"$1,29,903 ",13% ,Brazil,Sao Paulo,
Director,Finance,Research & Development,Female,25,17-04-2021,"$1,86,870 ",20% ,China,Shanghai,
Analyst II,Sales,Research & Development,Male,37,23-04-2010,"$57,531 ",0% ,United States,Chicago,
Analyst,Finance,Research & Development,Male,46,24-04-2011,"$55,894 ",0% ,United States,Seattle,
Field Engineer,Engineering,Manufacturing,Female,42,27-04-2012,"$72,903 ",0% ,United States,Phoenix,
Analyst,Finance,Corporate,Male,37,09-11-2015,"$45,369 ",0% ,China,Beijing,
Manager,Finance,Speciality Products,Male,60,15-06-2010,"$1,06,578 ",9% ,United States,Miami,
Sr. Business Partner,Human Resources,Research & Development,Female,52,13-09-1999,"$92,994 ",0% ,United States,Chicago,
Sr. Analyst,Sales,Speciality Products,Male,59,13-03-1997,"$83,685 ",0% ,China,Beijing,
Cloud Infrastructure Architect,IT,Research & Development,Male,48,14-09-2010,"$99,335 ",0% ,United States,Phoenix,
Sr. Manger,Human Resources,Manufacturing,Male,42,18-04-2013,"$1,31,179 ",15% ,United States,Columbus,
Computer Systems Manager,IT,Speciality Products,Male,35,03-05-2016,"$73,899 ",5% ,China,Chengdu,
Vice President,Accounting,Manufacturing,Male,64,29-03-2013,"$2,52,325 ",40% ,United States,Columbus,
Analyst II,Finance,Research & Development,Female,30,05-03-2015,"$52,697 ",0% ,United States,Seattle,
Operations Engineer,Engineering,Speciality Products,Female,29,25-09-2020,"$1,23,588 ",0% ,Brazil,Sao Paulo,
Vice President,Accounting,Corporate,Female,47,26-12-2021,"$2,43,568 ",33% ,United States,Austin,
Director,Sales,Research & Development,Male,49,20-07-2001,"$1,99,176 ",24% ,United States,Phoenix,
Technical Architect,IT,Speciality Products,Female,56,22-06-1996,"$82,806 ",0% ,United States,Seattle,
Director,Marketing,Speciality Products,Female,53,20-06-1997,"$1,64,399 ",25% ,United States,Seattle,
Sr. Manger,Human Resources,Manufacturing,Female,32,14-04-2017,"$1,54,956 ",13% ,United States,Phoenix,
Sr. Manger,Marketing,Manufacturing,Male,32,29-01-2017,"$1,43,970 ",12% ,United States,Seattle,09-12-2017
Director,Sales,Corporate,Male,52,25-09-2020,"$1,63,143 ",28% ,Brazil,Sao Paulo,
Sr. Analyst,Accounting,Speciality Products,Female,38,24-07-2020,"$89,390 ",0% ,United States,Seattle,
Network Architect,IT,Manufacturing,Male,41,05-10-2017,"$67,468 ",0% ,United States,Miami,
Engineering Manager,Engineering,Manufacturing,Female,49,12-03-2016,"$1,00,810 ",12% ,Brazil,Rio de Janerio,
Sr. Analyst,Finance,Manufacturing,Female,35,18-03-2019,"$74,779 ",0% ,United States,Phoenix,
Network Engineer,IT,Corporate,Female,29,09-11-2017,"$63,985 ",0% ,United States,Miami,
Solutions Architect,IT,Manufacturing,Female,64,08-07-2004,"$77,903 ",0% ,United States,Seattle,
Director,Marketing,Corporate,Male,33,12-06-2017,"$1,64,396 ",29% ,United States,Columbus,
IT Systems Architect,IT,Corporate,Male,29,28-06-2021,"$71,234 ",0% ,United States,Seattle,
Manager,Finance,Corporate,Male,63,19-04-2004,"$1,22,487 ",8% ,China,Shanghai,
Manager,Human Resources,Speciality Products,Female,32,03-01-2017,"$1,01,870 ",10% ,United States,Phoenix,
Systems Analyst,IT,Research & Development,Male,64,27-06-2020,"$40,316 ",0% ,Brazil,Manaus,
Manager,IT,Research & Development,Female,55,08-02-2005,"$1,15,145 ",5% ,China,Chongqing,
Cloud Infrastructure Architect,IT,Manufacturing,Female,43,13-03-2009,"$62,335 ",0% ,Brazil,Manaus,
Analyst,Finance,Manufacturing,Male,56,10-05-2006,"$41,561 ",0% ,United States,Austin,
Sr. Manger,Finance,Speciality Products,Female,37,24-04-2011,"$1,31,183 ",14% ,China,Shanghai,16-03-2016
Technical Architect,IT,Manufacturing,Female,45,08-07-2002,"$92,655 ",0% ,China,Chengdu,
Sr. Manger,Sales,Manufacturing,Female,49,02-04-1996,"$1,57,057 ",12% ,United States,Miami,
Enterprise Architect,IT,Speciality Products,Female,61,09-02-2005,"$64,462 ",0% ,United States,Chicago,
Quality Engineer,Engineering,Corporate,Female,41,07-10-2005,"$79,352 ",0% ,United States,Seattle,
Sr. Manger,Marketing,Speciality Products,Female,55,27-03-2001,"$1,57,812 ",11% ,United States,Miami,
Quality Engineer,Engineering,Corporate,Male,27,11-09-2018,"$80,745 ",0% ,United States,Chicago,
System Administrator ,IT,Manufacturing,Female,57,18-02-1996,"$75,354 ",0% ,United States,Austin,14-12-1996
Engineering Manager,Engineering,Research & Development,Male,56,20-09-2018,"$78,938 ",14% ,United States,Phoenix,
Operations Engineer,Engineering,Corporate,Male,59,10-09-2008,"$96,313 ",0% ,United States,Austin,
Director,Engineering,Speciality Products,Male,45,29-11-2010,"$1,53,767 ",27% ,United States,Phoenix,
Manager,Marketing,Research & Development,Female,42,19-09-2015,"$1,03,423 ",6% ,United States,Columbus,
Controls Engineer,Engineering,Corporate,Female,25,23-06-2021,"$86,464 ",0% ,China,Shanghai,
Controls Engineer,Engineering,Corporate,Female,29,14-01-2018,"$80,516 ",0% ,Brazil,Sao Paulo,
Manager,Human Resources,Speciality Products,Female,33,21-08-2013,"$1,05,390 ",6% ,United States,Columbus,
Cloud Infrastructure Architect,IT,Manufacturing,Female,50,06-09-2021,"$83,418 ",0% ,China,Shanghai,
Solutions Architect,IT,Speciality Products,Female,45,03-11-2017,"$66,660 ",0% ,United States,Austin,
Manager,Human Resources,Speciality Products,Male,59,10-06-2015,"$1,01,985 ",7% ,United States,Miami,
Vice President,Finance,Corporate,Male,29,05-12-2018,"$1,99,504 ",30% ,United States,Austin,
Sr. Manger,Sales,Corporate,Female,52,05-10-2006,"$1,47,966 ",11% ,Brazil,Rio de Janerio,23-05-2019
Business Partner,Human Resources,Speciality Products,Male,58,20-06-2014,"$41,728 ",0% ,China,Chongqing,
Sr. Analyst,Accounting,Speciality Products,Male,62,17-02-2011,"$94,422 ",0% ,United States,Phoenix,
Director,Sales,Corporate,Male,31,29-06-2015,"$1,91,026 ",16% ,United States,Columbus,
Vice President,IT,Research & Development,Male,42,29-11-2010,"$1,86,725 ",32% ,Brazil,Manaus,
Business Partner,Human Resources,Research & Development,Female,56,20-08-2009,"$52,800 ",0% ,United States,Phoenix,
Operations Engineer,Engineering,Speciality Products,Male,54,05-12-2010,"$1,13,982 ",0% ,United States,Seattle,
Account Representative,Sales,Research & Development,Female,54,16-03-2021,"$56,239 ",0% ,China,Chongqing,
Analyst,Sales,Manufacturing,Male,26,02-03-2021,"$44,732 ",0% ,Brazil,Rio de Janerio,
Director,Marketing,Corporate,Male,49,26-06-2014,"$1,53,961 ",25% ,China,Shanghai,
Network Architect,IT,Speciality Products,Female,45,18-12-2006,"$68,337 ",0% ,China,Chongqing,
Sr. Manger,Human Resources,Corporate,Male,45,07-05-2010,"$1,45,093 ",12% ,United States,Chicago,
IT Systems Architect,IT,Speciality Products,Female,26,11-03-2021,"$74,170 ",0% ,United States,Austin,
Field Engineer,Engineering,Research & Development,Male,59,29-03-1996,"$62,605 ",0% ,United States,Austin,
Manager,IT,Speciality Products,Female,51,13-03-2020,"$1,07,195 ",9% ,United States,Austin,
Sr. Manger,Marketing,Speciality Products,Male,45,11-01-2018,"$1,27,422 ",15% ,United States,Columbus,
Director,Accounting,Research & Development,Female,35,26-06-2017,"$1,61,269 ",27% ,United States,Miami,
Vice President,Marketing,Corporate,Female,32,05-02-2014,"$2,03,445 ",34% ,Brazil,Manaus,
Sr. Manger,Human Resources,Research & Development,Female,37,17-01-2011,"$1,31,353 ",11% ,China,Shanghai,
Service Desk Analyst,IT,Manufacturing,Male,45,16-03-2010,"$88,182 ",0% ,China,Chengdu,
Enterprise Architect,IT,Speciality Products,Male,61,26-08-2019,"$75,780 ",0% ,United States,Seattle,
Analyst II,Sales,Research & Development,Female,45,02-04-2019,"$52,621 ",0% ,China,Beijing,
Engineering Manager,Engineering,Research & Development,Male,60,15-02-2018,"$1,06,079 ",14% ,United States,Austin,09-04-2021
Cloud Infrastructure Architect,IT,Corporate,Male,30,11-02-2017,"$92,058 ",0% ,United States,Austin,
Field Engineer,Engineering,Manufacturing,Male,64,03-03-2019,"$67,114 ",0% ,United States,Phoenix,
Analyst II,Finance,Research & Development,Female,25,12-07-2020,"$56,565 ",0% ,Brazil,Sao Paulo,
HRIS Analyst,Human Resources,Manufacturing,Female,61,20-05-2011,"$64,937 ",0% ,United States,Phoenix,
Manager,Marketing,Manufacturing,Female,65,07-09-2006,"$1,27,626 ",10% ,United States,Miami,
Network Architect,IT,Corporate,Male,61,27-01-2004,"$88,478 ",0% ,United States,Austin,
Computer Systems Manager,IT,Speciality Products,Female,48,20-04-2014,"$91,679 ",7% ,China,Chongqing,
Director,Sales,Corporate,Male,58,19-03-1992,"$1,99,848 ",16% ,China,Chongqing,
Network Engineer,IT,Manufacturing,Male,34,10-11-2018,"$61,944 ",0% ,China,Shanghai,
Sr. Manger,Sales,Speciality Products,Female,30,13-08-2017,"$1,54,624 ",15% ,United States,Austin,
Sr. Analyst,Accounting,Research & Development,Male,50,23-10-2009,"$79,447 ",0% ,China,Shanghai,
Sr. Analyst,Sales,Manufacturing,Male,51,26-02-1998,"$71,111 ",0% ,Brazil,Rio de Janerio,
Sr. Manger,Sales,Research & Development,Male,53,19-10-2014,"$1,59,538 ",11% ,United States,Miami,
Controls Engineer,Engineering,Corporate,Female,47,02-10-2018,"$1,11,404 ",0% ,Brazil,Rio de Janerio,
Director,Marketing,Speciality Products,Male,25,15-08-2020,"$1,72,007 ",26% ,United States,Miami,
Vice President,Marketing,Manufacturing,Female,37,21-07-2011,"$2,19,474 ",36% ,Brazil,Manaus,
Director,Finance,Corporate,Male,41,15-05-2019,"$1,74,415 ",23% ,United States,Miami,
Network Architect,IT,Speciality Products,Female,36,21-01-2021,"$90,333 ",0% ,Brazil,Rio de Janerio,
HRIS Analyst,Human Resources,Speciality Products,Male,25,21-01-2021,"$67,299 ",0% ,United States,Phoenix,
Systems Analyst,IT,Research & Development,Female,52,23-02-2005,"$45,286 ",0% ,United States,Chicago,
Director,Marketing,Research & Development,Male,48,08-08-2007,"$1,94,723 ",25% ,United States,Phoenix,
Manager,Sales,Research & Development,Male,49,10-08-2012,"$1,09,850 ",7% ,China,Beijing,04-02-2020
Business Partner,Human Resources,Research & Development,Female,62,19-04-2014,"$45,295 ",0% ,Brazil,Sao Paulo,
Network Administrator,IT,Manufacturing,Female,36,23-08-2010,"$61,310 ",0% ,United States,Phoenix,
System Administrator ,IT,Research & Development,Male,55,09-11-2016,"$87,851 ",0% ,China,Chongqing,
Business Partner,Human Resources,Speciality Products,Female,31,12-03-2018,"$47,913 ",0% ,United States,Seattle,
Business Partner,Human Resources,Speciality Products,Female,53,07-09-2017,"$46,727 ",0% ,United States,Columbus,31-05-2018
Sr. Manger,Human Resources,Speciality Products,Male,27,16-04-2021,"$1,33,400 ",11% ,United States,Phoenix,
Solutions Architect,IT,Speciality Products,Female,39,22-04-2020,"$90,535 ",0% ,United States,Miami,
Sr. Analyst,Marketing,Speciality Products,Male,55,11-07-2006,"$93,343 ",0% ,China,Chongqing,
HRIS Analyst,Human Resources,Corporate,Female,44,23-02-2006,"$63,705 ",0% ,United States,Miami,
Vice President,Sales,Corporate,Male,48,28-02-2000,"$2,58,081 ",30% ,United States,Chicago,
Business Partner,Human Resources,Research & Development,Male,48,21-09-2020,"$54,654 ",0% ,United States,Phoenix,
Analyst,Sales,Manufacturing,Male,54,24-09-1998,"$58,006 ",0% ,United States,Seattle,
Sr. Manger,Finance,Manufacturing,Female,42,18-03-2011,"$1,50,034 ",12% ,China,Beijing,
Director,Human Resources,Speciality Products,Female,38,30-05-2007,"$1,98,562 ",22% ,United States,Seattle,
Account Representative,Sales,Research & Development,Female,40,27-05-2009,"$62,411 ",0% ,United States,Miami,14-08-2021
Engineering Manager,Engineering,Research & Development,Male,57,09-01-1992,"$1,11,299 ",12% ,United States,Miami,
Analyst,Marketing,Research & Development,Female,43,13-07-2019,"$41,545 ",0% ,United States,Miami,
Network Engineer,IT,Manufacturing,Male,26,14-04-2019,"$74,467 ",0% ,United States,Columbus,15-01-2021
Manager,Accounting,Research & Development,Male,44,09-02-2002,"$1,17,545 ",6% ,United States,Phoenix,
Manager,Human Resources,Speciality Products,Male,50,15-03-2012,"$1,17,226 ",8% ,United States,Phoenix,
Analyst,Accounting,Corporate,Female,26,24-01-2019,"$55,767 ",0% ,United States,Phoenix,
Analyst II,Sales,Manufacturing,Female,29,17-11-2016,"$60,930 ",0% ,United States,Austin,
Director,Sales,Speciality Products,Female,27,24-10-2018,"$1,54,973 ",29% ,Brazil,Sao Paulo,
Cloud Infrastructure Architect,IT,Manufacturing,Female,33,21-10-2017,"$69,332 ",0% ,United States,Columbus,
Controls Engineer,Engineering,Research & Development,Female,59,09-04-2001,"$1,19,699 ",0% ,China,Shanghai,
Director,Human Resources,Speciality Products,Female,40,20-09-2020,"$1,98,176 ",17% ,Brazil,Manaus,
Analyst II,Finance,Research & Development,Female,45,06-08-2012,"$58,586 ",0% ,Brazil,Sao Paulo,
Sr. Account Representative,Sales,Corporate,Male,38,28-11-2011,"$74,010 ",0% ,United States,Chicago,
Sr. Account Representative,Sales,Speciality Products,Male,32,03-02-2020,"$96,598 ",0% ,United States,Phoenix,
Manager,Sales,Speciality Products,Female,64,21-05-2003,"$1,06,444 ",5% ,United States,Phoenix,
Director,Finance,Corporate,Male,31,10-08-2017,"$1,56,931 ",28% ,United States,Seattle,
Director,Marketing,Research & Development,Female,43,16-10-2014,"$1,71,360 ",23% ,Brazil,Manaus,
Enterprise Architect,IT,Research & Development,Female,45,05-04-2009,"$64,505 ",0% ,United States,Miami,
Engineering Manager,Engineering,Speciality Products,Male,32,09-10-2021,"$1,02,298 ",13% ,Brazil,Rio de Janerio,
Sr. Manger,Sales,Corporate,Female,27,13-09-2019,"$1,33,297 ",13% ,Brazil,Rio de Janerio,
Sr. Manger,Human Resources,Speciality Products,Female,25,17-03-2021,"$1,55,080 ",10% ,United States,Austin,
Sr. Analyst,Sales,Speciality Products,Male,31,13-08-2018,"$81,828 ",0% ,United States,Miami,
Sr. Manger,Marketing,Corporate,Female,65,24-10-2000,"$1,49,417 ",13% ,China,Chengdu,
Manager,Sales,Corporate,Male,50,25-04-2012,"$1,13,269 ",9% ,Brazil,Sao Paulo,
Sr. Manger,IT,Manufacturing,Male,46,16-12-2017,"$1,36,716 ",12% ,United States,Austin,
Sr. Manger,Sales,Speciality Products,Male,54,20-10-2011,"$1,22,644 ",12% ,United States,Austin,
Manager,Sales,Research & Development,Female,50,07-05-2000,"$1,06,428 ",7% ,United States,Chicago,
Vice President,Finance,Corporate,Male,36,17-01-2009,"$2,38,236 ",31% ,United States,Seattle,
Director,Finance,Corporate,Female,64,21-12-2012,"$1,53,253 ",24% ,United States,Austin,
Manager,Accounting,Manufacturing,Female,34,03-10-2014,"$1,03,707 ",9% ,United States,Columbus,
Vice President,Accounting,Speciality Products,Female,41,09-08-2012,"$2,45,360 ",37% ,United States,Austin,
Development Engineer,Engineering,Speciality Products,Male,25,08-07-2021,"$67,275 ",0% ,United States,Columbus,
Manager,IT,Manufacturing,Male,45,22-01-2015,"$1,01,288 ",10% ,United States,Phoenix,
Director,Human Resources,Speciality Products,Female,52,28-08-1993,"$1,77,443 ",25% ,Brazil,Sao Paulo,
Cloud Infrastructure Architect,IT,Manufacturing,Female,37,27-04-2016,"$91,400 ",0% ,United States,Chicago,
Vice President,Human Resources,Corporate,Male,44,10-09-2007,"$1,81,247 ",33% ,Brazil,Sao Paulo,
Sr. Manger,Human Resources,Research & Development,Male,42,20-10-2003,"$1,35,558 ",14% ,United States,Phoenix,
Analyst,Accounting,Speciality Products,Male,49,17-12-2011,"$56,878 ",0% ,United States,Seattle,
IT Systems Architect,IT,Speciality Products,Male,34,20-09-2019,"$94,735 ",0% ,China,Beijing,
Analyst II,Sales,Manufacturing,Male,39,27-05-2007,"$51,234 ",0% ,United States,Seattle,
Vice President,Human Resources,Speciality Products,Male,31,14-01-2015,"$2,30,025 ",34% ,United States,Phoenix,
Sr. Manger,Human Resources,Speciality Products,Female,36,11-03-2010,"$1,34,006 ",13% ,China,Beijing,
Manager,Finance,Corporate,Female,61,06-10-2009,"$1,03,096 ",7% ,China,Beijing,
Analyst,Accounting,Manufacturing,Male,29,20-08-2016,"$58,703 ",0% ,United States,Columbus,
Sr. Manger,IT,Speciality Products,Male,33,24-12-2012,"$1,32,544 ",10% ,Brazil,Rio de Janerio,
Manager,Finance,Manufacturing,Male,32,15-04-2020,"$1,26,671 ",9% ,United States,Miami,
Account Representative,Sales,Research & Development,Female,33,22-01-2021,"$56,405 ",0% ,United States,Chicago,
Computer Systems Manager,IT,Speciality Products,Female,36,29-11-2014,"$88,730 ",8% ,China,Chongqing,
Analyst II,Finance,Manufacturing,Male,39,17-09-2008,"$62,861 ",0% ,United States,Seattle,
Director,Human Resources,Corporate,Female,53,21-07-2006,"$1,51,246 ",21% ,Brazil,Sao Paulo,
Sr. Manger,IT,Manufacturing,Female,53,12-04-1997,"$1,54,388 ",10% ,United States,Seattle,
Director,Human Resources,Manufacturing,Female,54,26-09-1994,"$1,62,978 ",17% ,United States,Miami,24-05-2004
Solutions Architect,IT,Speciality Products,Male,55,17-11-1993,"$80,170 ",0% ,United States,Miami,
Sr. Analyst,Accounting,Manufacturing,Female,44,28-04-2021,"$98,520 ",0% ,United States,Miami,
Manager,Finance,Manufacturing,Male,52,29-12-1999,"$1,16,527 ",7% ,United States,Phoenix,
Director,Sales,Research & Development,Male,27,07-11-2019,"$1,74,607 ",29% ,United States,Columbus,
Analyst II,Accounting,Research & Development,Male,58,12-04-2006,"$64,202 ",0% ,United States,Columbus,
Analyst II,Accounting,Corporate,Male,49,25-07-2019,"$50,883 ",0% ,China,Chongqing,02-03-2021
Network Architect,IT,Speciality Products,Female,36,03-11-2016,"$94,618 ",0% ,United States,Columbus,
Director,Marketing,Research & Development,Male,26,15-10-2019,"$1,51,556 ",20% ,United States,Miami,
Development Engineer,Engineering,Research & Development,Female,37,08-03-2020,"$80,659 ",0% ,United States,Phoenix,
Director,Human Resources,Speciality Products,Male,47,03-11-2019,"$1,95,385 ",21% ,China,Chengdu,
Systems Analyst,IT,Speciality Products,Male,29,19-05-2016,"$52,693 ",0% ,Brazil,Rio de Janerio,
Network Administrator,IT,Research & Development,Female,58,26-04-2016,"$72,045 ",0% ,United States,Phoenix,
Analyst II,Marketing,Manufacturing,Male,47,28-11-2005,"$62,749 ",0% ,Brazil,Manaus,
Sr. Manger,Marketing,Speciality Products,Male,52,04-06-2018,"$1,54,884 ",10% ,China,Shanghai,
Network Architect,IT,Research & Development,Male,61,08-03-2016,"$96,566 ",0% ,United States,Columbus,
Systems Analyst,IT,Research & Development,Male,45,23-08-2001,"$54,994 ",0% ,United States,Columbus,
Network Administrator,IT,Corporate,Female,40,05-02-2012,"$61,523 ",0% ,United States,Columbus,
Vice President,Human Resources,Corporate,Male,45,12-12-2010,"$1,90,512 ",32% ,United States,Columbus,
Controls Engineer,Engineering,Speciality Products,Female,37,13-02-2013,"$1,24,827 ",0% ,China,Beijing,
Manager,Accounting,Manufacturing,Male,57,19-01-2019,"$1,01,577 ",5% ,United States,Chicago,
Manager,Accounting,Manufacturing,Female,44,17-10-2005,"$1,05,223 ",10% ,United States,Phoenix,
IT Systems Architect,IT,Corporate,Male,48,06-07-2008,"$94,815 ",0% ,United States,Chicago,
Manager,Accounting,Speciality Products,Female,25,15-12-2021,"$1,14,893 ",6% ,China,Chengdu,
Sr. Analyst,Marketing,Speciality Products,Female,35,10-01-2017,"$80,622 ",0% ,United States,Austin,
Vice President,IT,Speciality Products,Female,57,11-11-2016,"$2,46,589 ",33% ,United States,Phoenix,26-03-2017
Manager,Marketing,Speciality Products,Male,49,20-05-2018,"$1,19,397 ",9% ,China,Beijing,14-03-2019
Director,Sales,Corporate,Female,25,19-12-2021,"$1,50,666 ",23% ,China,Chengdu,
Sr. Manger,IT,Research & Development,Female,46,09-01-2002,"$1,48,035 ",14% ,United States,Phoenix,
Director,Finance,Corporate,Male,60,05-06-2017,"$1,58,898 ",18% ,United States,Miami,
Field Engineer,Engineering,Corporate,Female,45,28-02-2012,"$89,659 ",0% ,China,Beijing,
Director,Sales,Speciality Products,Female,39,29-04-2007,"$1,71,487 ",23% ,United States,Phoenix,
Vice President,Sales,Manufacturing,Female,43,21-08-2016,"$2,58,498 ",35% ,United States,Columbus,
Sr. Manger,IT,Research & Development,Male,37,29-11-2010,"$1,46,961 ",11% ,United States,Columbus,
Sr. Business Partner,Human Resources,Research & Development,Male,48,22-04-1998,"$85,369 ",0% ,Brazil,Manaus,27-11-2004
Technical Architect,IT,Manufacturing,Male,30,14-06-2015,"$67,489 ",0% ,United States,Chicago,
Director,IT,Manufacturing,Female,46,06-10-2018,"$1,66,259 ",17% ,United States,Chicago,
Systems Analyst,IT,Corporate,Female,55,07-01-2009,"$47,032 ",0% ,United States,Columbus,
Sr. Analyst,Marketing,Speciality Products,Male,33,18-09-2016,"$98,427 ",0% ,United States,Columbus,
Analyst,Finance,Speciality Products,Female,44,31-05-2010,"$47,387 ",0% ,China,Chengdu,08-01-2018
Director,Marketing,Speciality Products,Male,31,10-06-2019,"$1,76,710 ",15% ,United States,Miami,
Sr. Analyst,Finance,Speciality Products,Female,33,28-01-2012,"$95,960 ",0% ,China,Chengdu,
Vice President,Accounting,Corporate,Female,63,26-07-2020,"$2,16,195 ",31% ,United States,Miami,
